メンバーコード  ###[member_code]###,メンバー名  ###[name]###,ログインコード  ###[login_code]###,パスワード  ###[password]###,メールアドレス  ###[email]###,よみがな  ###[name_kana]###,生年月日  ###[birthday]###,性別  ###[gender]###,入社年月日  ###[enter_day]###,退職年月日  ###[retired_day]###,社員区分  ###[member_classification]###,役職  ###[job_position]###,職能・等級  ###[job_grade]###,職種  ###[occupations]###,力量  ###[competence]###
U17qEadu6mWMIHCdo83K,削除,sakuzyo,,ko.ono@skillnote.co.jp,,,,,,,,,,
eneos,スキルノート太郎,eneos,,,,,,,,,,,,
test-admin,佐藤 輝男,test-admin,,,,,,,,,,,,
test-user,木内 敏幸,test-user,,,,,,,,,,,,
C3U3sRvZZdQa3Xh3JwNN,宮崎 敏郎,55555,,,,,,,,,,,,
m220,広田 琉聖,m220,,,ヒロタ リュウセイ,2002/07/29,男性,2022/04/01,,正社員,,1等級,,
mokuhyo2,評価課長,mokuhyo2,,,,,,,,,,,,
2GSxhAJlU8pQc1uvhwsO,評価部長,mokuhyo,,,,,,,,,,,,
m1,山田 和弘,m1,,,ヤマダカズヒロ,1962/10/23,男性,2000/02/01,,正社員,課長,5等級,,
m2,関谷 仁,m2,,,セキヤ ヒトシ,1963/03/21,男性,1983/04/01,,正社員,部長,5等級,,
m3,門田 賢,m3,,,カドタ ケン,1963/06/30,男性,1983/04/01,,正社員,部長,5等級,,
m4,真鍋 英雄,m4,,,マナベ ヒデオ,1964/09/28,男性,1984/04/01,,正社員,部長,5等級,,
m5,宮崎 敏郎,m5,,,ミヤザキ トシロウ,1964/05/16,男性,1984/04/01,,正社員,部長,5等級,,
m6,笹本 潤,m6,,,ササモト ジュン,1964/05/03,男性,1984/04/01,,正社員,部長,5等級,,
m7,木内 敏幸,m7,,,キウチ トシユキ,1964/07/09,男性,1984/04/01,,正社員,部長,5等級,,
m8,佐藤 輝男,m8,,,サトウ テルオ,1963/12/12,男性,1983/04/01,,正社員,部長,5等級,,
m9,河村 栄一,m9,,,カワムラ エイイチ,1965/06/19,男性,1985/04/01,,正社員,部長,5等級,,
m10,梶田 奈々,m10,,,カジタ ナナ,1965/12/02,女性,1985/04/01,,正社員,部長,5等級,,
m11,板橋 紗彩,m11,,,イタバシ サアヤ,1965/06/10,女性,1985/04/01,,正社員,部長,5等級,,
m12,赤松 正俊,m12,,,アカマツ マサトシ,1965/04/19,男性,1985/04/01,,正社員,部長,5等級,,
m13,橋口 拓也,m13,,,ハシグチ タクヤ,1965/07/24,男性,1985/04/01,,正社員,職長,4等級,,
m14,宮川 純一,m14,,,ミヤカワ ジュンイチ,1966/08/29,男性,1986/04/01,,正社員,課長,4等級,,
m15,松田 仁美,m15,,,マツダ ヒトミ,1966/11/06,女性,1986/04/01,,正社員,課長,4等級,,
m16,小島 友一,m16,,,オジマ トモカズ,1966/08/25,男性,1986/04/01,,正社員,課長,4等級,,
m17,新保 松夫,m17,,,シンポ マツオ,1966/11/05,男性,1986/04/01,,正社員,課長,4等級,,
m18,深谷 克巳,m18,,,フカヤ カツミ,1967/03/06,男性,1987/04/01,,正社員,課長,4等級,,
m19,花岡 寛,m19,,,ハナオカ ヒロシ,1967/06/30,男性,1987/04/01,,正社員,課長,4等級,,
m20,田中 誠,m20,,,タナカマコト,1967/07/22,男性,1987/04/01,,正社員,課長,4等級,,
m21,笹原 敬,m21,,,ササハラ タカシ,1966/12/13,男性,1986/04/01,,正社員,課長,4等級,,
m22,早川 春佳,m22,,,ハヤカワ ハルカ,1967/08/16,女性,1987/04/01,,正社員,課長,4等級,,
m23,藤巻 大介,m23,,,フジマキ ダイスケ,1967/03/06,男性,1987/04/01,,正社員,課長,4等級,,
m24,新垣 敬一,m24,,,アラガキ ケイイチ,1967/11/19,男性,1987/04/01,,正社員,課長,4等級,,
m25,金城 宏美,m25,,,カナシロ ヒロミ,1967/01/03,女性,1987/04/01,,正社員,課長,4等級,,
m26,河井 和幸,m26,,,カワイ カズユキ,1967/07/24,男性,1987/04/01,,正社員,課長,4等級,,
m27,森下 建司,m27,,,モリシタ ケンジ,1967/01/09,男性,1987/04/01,,正社員,班長,3等級,,
m28,竹下 治郎,m28,,,タケシタ ジロウ,1967/02/18,男性,1987/04/01,,正社員,,3等級,,
m29,田所 孝三,m29,,,タドコロ コウゾウ,1968/06/15,男性,1988/04/01,,正社員,,3等級,,
m30,畠山 健三,m30,,,ハタケヤマ ケンゾウ,1968/06/02,男性,1988/04/01,,正社員,部長,5等級,,
m31,中島 一彦,m31,,,ナカシマ カズヒコ,1968/02/09,男性,1988/04/01,,正社員,,3等級,,
m32,内田 勝昭,m32,,,ウチダ カツアキ,1968/06/14,男性,1988/04/01,,正社員,,3等級,,
m33,松原 百合子,m33,,,マツバラ ユリコ,1968/11/07,女性,1988/04/01,,正社員,係長,3等級,,
m34,森山 雅哉,m34,,,モリヤマ マサヤ,1968/01/03,男性,1988/04/01,,正社員,,3等級,,
m35,増田 亮一,m35,,,マスダ リョウイチ,1969/04/14,男性,1989/04/01,,正社員,,3等級,,
m36,松尾 一朗,m36,,,マツオ イチロウ,1969/01/20,男性,1989/04/01,,正社員,,3等級,,
m37,深田 隆一,m37,,,フカダ リュウイチ,1969/10/20,男性,1989/04/01,,正社員,,3等級,,
m38,原田 清信,m38,,,ハラダ キヨノブ,1968/12/21,男性,1988/04/01,,正社員,,3等級,,
m39,金子 豊,m39,,,カネコ ユタカ,1969/01/28,男性,1989/04/01,,正社員,,3等級,,
m40,加藤 健次,m40,,,カトウ ケンジ,1969/12/14,男性,1989/04/01,,正社員,,3等級,,
m41,中岡 利明,m41,,,ナカオカ トシアキ,1970/02/14,男性,1990/04/01,,正社員,,3等級,,
m42,熊谷 金弥,m42,,,クマガヤ キンヤ,1970/11/05,男性,1990/04/01,,正社員,,3等級,,
m43,井出 砂登子,m43,,,イデ サトコ,1969/12/08,女性,1989/04/01,,正社員,,3等級,,
m44,海老原 守友,m44,,,エビハラ モリトモ,1970/07/13,男性,1990/04/01,,正社員,,3等級,,
m45,阿久津 直也,m45,,,アクツ ナオヤ,1970/11/17,男性,1990/04/01,,正社員,,3等級,,
m46,長谷 平吉,m46,,,ナガヤ ヘイキチ,1970/06/08,男性,1990/04/01,,正社員,,3等級,,
m47,小堀 行雄,m47,,,コボリ ユキオ,1971/11/05,男性,1991/04/01,,正社員,,3等級,,
m48,黒崎 国彦,m48,,,クロザキ クニヒコ,1971/03/04,男性,1991/04/01,,正社員,,3等級,,
m49,川野 一輝,m49,,,カワノ カズキ,1971/05/06,男性,1991/04/01,,正社員,,3等級,,
m50,森口 圭二,m50,,,モリグチ ケイジ,1970/12/27,男性,1990/04/01,,正社員,,3等級,,
m51,中山 健三郎,m51,,,ナカヤマ ケンザブロウ,1971/10/21,男性,1991/04/01,,正社員,,3等級,,
m52,小野寺 美姫,m52,,,オノデラ ミキ,1971/07/11,女性,1991/04/01,,正社員,,3等級,,
m53,平岡 公一,m53,,,ヒラオカ コウイチ,1972/09/19,男性,1992/04/01,,正社員,,3等級,,
m54,柏木 華音,m54,,,カシワギ カノン,1972/01/18,女性,1992/04/01,,正社員,,3等級,,
m55,三上 重治,m55,,,ミカミ シゲハル,1972/04/19,男性,1992/04/01,,正社員,,3等級,,
m56,長島 洋一,m56,,,ナガシマ ヨウイチ,1971/12/12,男性,1991/04/01,,正社員,,3等級,,
m57,三好 信太郎,m57,,,ミヨシ シンタロウ,1972/05/26,男性,1992/04/01,,正社員,,3等級,,
m58,波多野 信長,m58,,,ハタノ ノブナガ,1972/10/10,男性,1992/04/01,,正社員,,3等級,,
m59,江頭 陽保,m59,,,エガシラ ハルヤス,1973/12/03,男性,1993/04/01,,正社員,,3等級,,
m60,浜野 亮一,m60,,,ハマノ リョウイチ,1973/03/08,男性,1993/04/01,,正社員,,3等級,,
m61,中林 丈夫,m61,,,ナカバヤシ タケオ,1973/06/11,男性,1993/04/01,,正社員,,3等級,,
m62,千田 敏之,m62,,,センダ トシユキ,1973/01/19,男性,1993/04/01,,正社員,,3等級,,
m63,矢田 進,m63,,,ヤダ ススム,1974/06/18,男性,1994/04/01,,正社員,,3等級,,
m64,榎本 孝子,m64,,,エノモト タカコ,1975/05/20,女性,1995/04/01,,正社員,,3等級,,
m65,片岡 金作,m65,,,カタオカ キンサク,1975/07/23,男性,1995/04/01,,正社員,,3等級,,
m66,熊沢 芳久,m66,,,クマザワ ヨシヒサ,1975/11/21,男性,1995/04/01,,正社員,,3等級,,
m67,大島 幸三郎,m67,,,オオシマ コウザブロウ,1974/12/31,男性,1994/04/01,,正社員,,3等級,,
m68,寺内 幸彦,m68,,,テラウチ ユキヒコ,1975/09/15,男性,1995/04/01,,正社員,,3等級,,
m69,土屋 公彦,m69,,,ツチヤ キミヒコ,1975/11/05,男性,1995/04/01,,正社員,,3等級,,
m70,野間 喜代志,m70,,,ノマ キヨシ,1976/10/02,男性,1996/04/01,,正社員,,3等級,,
m71,谷 国彦,m71,,,タニ クニヒコ,1976/03/03,男性,1996/04/01,,正社員,,3等級,,
m72,永田 光明,m72,,,ナガタ ミツアキ,1976/05/14,男性,1996/04/01,,正社員,,3等級,,
m73,野口 優,m73,,,ノグチ マサル,1976/04/19,男性,1996/04/01,,正社員,,3等級,,
m74,尾形 俊一,m74,,,オガタ シュンイチ,1976/07/31,男性,1996/04/01,,正社員,,3等級,,
m75,安永 昌己,m75,,,ヤスナガ マサミ,1977/10/26,女性,1997/04/01,,正社員,,3等級,,
m76,渋谷 一久,m76,,,シブヤ カズヒサ,1977/11/18,男性,1997/04/01,,正社員,,3等級,,
m77,白木 柊哉,m77,,,シラキ シュウヤ,1977/02/06,男性,1997/04/01,,正社員,,3等級,,
m78,本村 昭彦,m78,,,モトムラ アキヒコ,1977/11/14,男性,1997/04/01,,正社員,,3等級,,
m79,池本 正吾,m79,,,イケモト ショウゴ,1977/01/27,男性,1997/04/01,,正社員,係長,4等級,,
m80,太田 愛菜,m80,,,オオタ アイナ,1978/04/05,女性,1998/04/01,,正社員,係長,4等級,,
m81,木戸 美海,m81,,,キド ミウ,1978/06/27,女性,1998/04/01,,正社員,係長,4等級,,
m82,黒川 心和,m82,,,クロカワ シオ,1977/12/17,女性,1997/04/01,,正社員,係長,4等級,,
m83,坂下 杏菜,m83,,,サカシタ アンナ,1978/09/17,女性,1998/04/01,,正社員,係長,4等級,,
m84,原田 紀幸,m84,,,ハラダ ノリユキ,1978/03/12,男性,1998/04/01,,正社員,係長,4等級,,
m85,小泉 秋雄,m85,,,コイズミ アキオ,1979/03/18,男性,1999/04/01,,正社員,係長,4等級,,
m86,谷 瑞樹,m86,,,タニ ミズキ,1979/07/02,女性,1999/04/01,,正社員,係長,4等級,,
m87,木本 和徳,m87,,,キモト カズノリ,1979/02/06,男性,1999/04/01,,正社員,係長,4等級,,
m88,今野 新一,m88,,,コンノ シンイチ,1979/08/11,男性,1999/04/01,,正社員,係長,4等級,,
m89,今井 絵理,m89,,,イマイ エリ,1979/06/14,女性,1999/04/01,,正社員,係長,4等級,,
m90,小林 紀幸,m90,,,コバヤシ ノリユキ,1979/11/30,男性,1999/04/01,,正社員,係長,4等級,,
m91,辻 昌,m91,,,ツジ マサシ,1979/11/07,男性,1999/04/01,,正社員,係長,4等級,,
m92,徳永 健之,m92,,,トクナガ ケンジ,1979/01/26,男性,1999/04/01,,正社員,係長,4等級,,
m93,川崎 理津子,m93,,,カワサキ リツコ,1980/01/11,女性,2000/04/01,,正社員,係長,4等級,,
m94,坂口 蓮,m94,,,サカグチ レン,1980/08/04,男性,2000/04/01,,正社員,係長,4等級,,
m95,塩田 恒敏,m95,,,シオダ ツネトシ,1980/08/14,男性,2000/04/01,,正社員,係長,4等級,,
m96,前島 雅康,m96,,,マエジマ マサヤス,1980/06/03,男性,2000/04/01,,正社員,係長,4等級,,
m97,佐川 悠斗,m97,,,サガワ ユウト,1980/10/29,男性,2000/04/01,,正社員,係長,4等級,,
m98,大内 雅典,m98,,,オウウチ マサノリ,1980/08/06,男性,2000/04/01,,正社員,係長,4等級,,
m99,板倉 正幸,m99,,,イタクラ マサユキ,1980/11/17,男性,2000/04/01,,正社員,係長,4等級,,
m100,山川 崇,m100,,,ヤマカワ タカシ,1980/06/03,男性,2000/04/01,,正社員,係長,4等級,,
m101,柴田 浩司,m101,,,シバタ コウジ,1981/03/29,男性,2001/04/01,,正社員,係長,4等級,,
m102,小笠原 直樹,m102,,,オガサワラ ナオキ,1981/01/12,男性,2001/04/01,,正社員,係長,4等級,,
m103,筒井 恭子,m103,,,ツツイ キョウコ,1981/12/04,女性,2001/04/01,,正社員,係長,4等級,,
m104,岩田 太陽,m104,,,イワタ タイヨウ,1981/05/05,男性,2001/04/01,,正社員,職長,3等級,,
m105,杉野 孝志,m105,,,スギノ タカシ,1981/12/08,男性,2001/04/01,,正社員,職長,3等級,,
m106,坂下 信雄,m106,,,サカシタ ノブオ,1982/06/12,男性,2002/04/01,,正社員,職長,3等級,,
m107,水野 卓,m107,,,ミズノ タカシ,1982/03/28,男性,2002/04/01,,正社員,班長,3等級,,
m108,辻本 飛鳥,m108,,,ツジモト アスカ,1983/10/27,女性,2003/04/01,,正社員,班長,3等級,,
m109,湊 卓也,m109,,,ミナト タクヤ,1983/03/30,男性,2003/04/01,,正社員,班長,3等級,,
m110,竹中 正和,m110,,,タケナカ マサカズ,1983/08/08,男性,2003/04/01,,正社員,班長,3等級,,
m111,小幡 省三,m111,,,オバタ ショウゾウ,1983/03/11,男性,2003/04/01,,正社員,班長,3等級,,
m112,立花 玲菜,m112,,,タチバナ レナ,1984/12/01,女性,2004/04/01,,正社員,班長,3等級,,
m113,横井 新一郎,m113,,,ヨコイ シンイチロウ,1984/07/24,男性,2004/04/01,,派遣社員,,,,
m114,新村 芳男,m114,,,ニイムラ ヨシオ,1983/12/11,男性,2003/04/01,,派遣社員,,,,
m115,恩田 良平,m115,,,オンダ リョウヘイ,1984/07/29,男性,2004/04/01,,派遣社員,,,,
m116,本間 幸真,m116,,,ホンマ ユキマサ,1984/01/26,男性,2004/04/01,,正社員,課長,4等級,,
m117,下田 一義,m117,,,シモダ カズヨシ,1985/03/07,男性,2005/04/01,,正社員,,3等級,,
m118,村上 蓮,m118,,,ムラカミ レン,1985/06/06,男性,2005/04/01,,正社員,,3等級,,
m119,赤木 義孝,m119,,,アカギ ヨシタカ,1985/05/03,男性,2005/04/01,,正社員,,3等級,,
m120,内田 常雄,m120,,,ウチダ ツネオ,1985/12/05,男性,2005/04/01,,正社員,,3等級,,
m121,松永 奏人,m121,,,マツナガ カナト,1986/08/24,男性,2006/04/01,,正社員,,3等級,,
m122,佐野 誠司,m122,,,サノ セイジ,1986/08/10,男性,2006/04/01,,正社員,,3等級,,
m123,石岡 力男,m123,,,イシオカ リキオ,1985/12/14,男性,2005/04/01,,正社員,,3等級,,
m124,丸田 正信,m124,,,マルタ マサノブ,1986/06/16,男性,2006/04/01,,正社員,,3等級,,
m125,広田 光,m125,,,ヒロタ ヒカル,1986/11/12,女性,2006/04/01,,パート・アルバイト,,,,
m126,依田 博之,m126,,,イダ ヒロユキ,1987/10/19,男性,2007/04/01,,正社員,,3等級,,
m127,島本 藍,m127,,,シマモト アイ,1987/07/18,女性,2007/04/01,,パート・アルバイト,,,,
m128,梶田 大造,m128,,,カジタ タイゾウ,1987/06/24,男性,2007/04/01,,正社員,,3等級,,
m129,迫田 元夫,m129,,,サコタ モトオ,1987/01/23,男性,2007/04/01,,派遣社員,,,,
m130,福地 善成,m130,,,フクチ ヨシナリ,1987/12/20,男性,2007/04/01,,派遣社員,,,,
m131,松浦 耕筰,m131,,,マツウラ コウサク,1988/11/14,男性,2008/04/01,,派遣社員,,,,
m132,田島 沙弥,m132,,,タジマ サヤ,1988/09/26,女性,2008/04/01,,パート・アルバイト,,,,
m133,大江 義隆,m133,,,オオエ ヨシタカ,1987/12/31,男性,2007/04/01,,正社員,,3等級,,
m134,海老原 誠司,m134,,,エビハラ セイジ,1988/07/31,男性,2008/04/01,,正社員,,3等級,,
m135,長島 武,m135,,,ナガシマ タケシ,1989/01/07,男性,2009/04/01,,契約社員,,,,
m136,高畑 哲夫,m136,,,タカハタ テツオ,1989/11/07,男性,2009/04/01,,契約社員,,,,
m137,柳原 陽生,m137,,,ヤナギハラ ハルキ,1989/07/15,男性,2009/04/01,,契約社員,,,,
m138,野島 一博,m138,,,ノジマ カズヒロ,1989/05/26,男性,2009/04/01,,正社員,,3等級,,
m139,荒井 正治,m139,,,アライ ショウジ,1989/04/28,男性,2009/04/01,,正社員,,3等級,,
m140,松野 一憲,m140,,,マツノ カズノリ,1989/02/07,男性,2009/04/01,,正社員,,3等級,,
m141,緒方 忠,m141,,,オガタ タダシ,1989/11/25,男性,2009/04/01,,正社員,,3等級,,
m142,藤巻 伸也,m142,,,フジマキ シンヤ,1989/06/12,男性,2009/04/01,,正社員,,3等級,,
m143,宇田川 孝男,m143,,,ウダガワ タカオ,1989/05/08,男性,2009/04/01,,正社員,,3等級,,
m144,小野寺 恭之,m144,,,オノデラ ヤスユキ,1989/11/01,男性,2009/04/01,,正社員,,3等級,,
m145,福地 明雄,m145,,,フクチ アキオ,1990/07/21,男性,2010/04/01,,正社員,,3等級,,
m146,中林 繁夫,m146,,,ナカバヤシ シゲオ,1990/04/12,男性,2010/04/01,,正社員,,3等級,,
m147,大平 雅之仁,m147,,,オオヒラ マサノジン,1990/07/23,男性,2010/04/01,,正社員,,3等級,,
m148,大関 紗彩,m148,,,オオゼキ サアヤ,1990/09/15,女性,2010/04/01,,パート・アルバイト,,,,
m149,林 宗一,m149,,,ハヤシ ソウイチ,1990/03/25,男性,2010/04/01,,正社員,,3等級,,
m150,大木 秀樹,m150,,,オオキ ヒデキ,1990/02/24,男性,2010/04/01,,正社員,,3等級,,
m151,中谷 志優,m151,,,ナカタニ シュウ,1990/01/22,男性,2010/04/01,,正社員,,3等級,,
m152,野口 国雄,m152,,,ノグチ クニオ,1991/05/04,男性,2011/04/01,,正社員,,2等級,,
m153,関本 正治,m153,,,セキモト ショウジ,1991/06/19,男性,2011/04/01,,正社員,,2等級,,
m154,小菅 与四郎,m154,,,コスゲ ヨシロウ,1991/08/09,男性,2011/04/01,,正社員,,2等級,,
m155,鵜飼 裕久,m155,,,ウカイ ヒロヒサ,1991/08/22,男性,2011/04/01,,正社員,,2等級,,
m156,井沢 猛,m156,,,イザワ タケシ,1991/01/29,男性,2011/04/01,,正社員,,2等級,,
m157,川井 三朗,m157,,,カワイ サブロウ,1991/02/23,男性,2011/04/01,,正社員,,2等級,,
m158,花井 結,m158,,,ハナイ ユイ,1992/07/14,女性,2012/04/01,,パート・アルバイト,,,,
m159,坂井 一司,m159,,,サカイ カズシ,1992/07/16,男性,2012/04/01,,正社員,,2等級,,
m160,唐沢 利彦,m160,,,カラサワ トシヒコ,1992/10/09,男性,2012/04/01,,正社員,,2等級,,
m161,片野 咲,m161,,,カタノ サキ,1993/05/14,女性,2013/04/01,,パート・アルバイト,,,,
m162,石川 碧希,m162,,,イシカワ アイキ,1993/03/18,男性,2013/04/01,,正社員,,2等級,,
m163,小堀 斎,m163,,,コボリ ヒトシ,1993/11/08,男性,2013/04/01,,正社員,,2等級,,
m164,南部 達徳,m164,,,ナンブ タツノリ,1993/05/31,男性,2013/04/01,,正社員,,2等級,,
m165,小椋 幸夫,m165,,,オグラ ユキオ,1993/09/05,男性,2013/04/01,,正社員,,2等級,,
m166,川村 里奈,m166,,,カワムラ リナ,1993/12/15,女性,2013/04/01,,正社員,,,,
m167,梶田 昌男,m167,,,カジタ マサオ,1993/12/16,男性,2013/04/01,,正社員,,2等級,,
m168,勝又 義治,m168,,,カツマタ ヨシハル,1994/08/06,男性,2014/04/01,,正社員,,2等級,,
m169,市川 奏風,m169,,,イチカワ カナタ,1994/10/13,男性,2014/04/01,,正社員,,2等級,,
m170,明石 神楽,m170,,,アカイシ カグラ,1994/08/09,女性,2014/04/01,,パート・アルバイト,,,,
m171,石丸 孝男,m171,,,イシマル タカオ,1994/05/06,男性,2014/04/01,,正社員,,2等級,,
m172,安斉 桜太朗,m172,,,アンザイ オウタロウ,1994/08/16,男性,2014/04/01,,正社員,,2等級,,
m173,坂東 由起夫,m173,,,バンドウ ユキオ,1995/01/11,男性,2015/04/01,,派遣社員,,,,
m174,馬場 将優,m174,,,ババ マサヤ,1995/01/05,男性,2015/04/01,,派遣社員,,,,
m175,難波 惟史,m175,,,ナンバ タダシ,1995/06/28,男性,2015/04/01,,派遣社員,,,,
m176,深谷 真,m176,,,フカヤ マコト,1995/12/24,男性,2015/04/01,,正社員,,2等級,,
m177,福元 広明,m177,,,フクモト ヒロアキ,1996/03/03,男性,2016/04/01,,正社員,,2等級,,
m178,市原 直子,m178,,,イチハラ ナオコ,1996/08/12,女性,2016/04/01,,パート・アルバイト,,,,
m179,尾上 政雄,m179,,,オガミ マサオ,1996/11/05,男性,2016/04/01,,正社員,,2等級,,
m180,高山 幸路,m180,,,タカヤマ コウジ,1996/03/12,男性,2016/04/01,,正社員,,2等級,,
m181,中 昌幸,m181,,,ナカ マサユキ,1996/06/06,男性,2016/04/01,,正社員,,2等級,,
m182,今村 彩絵,m182,,,イマムラ サエ,1997/08/27,女性,2017/04/01,,契約社員,,,,
m183,浅見 優斗,m183,,,アサミ ユミト,1997/01/05,男性,2017/04/01,,契約社員,,,,
m184,藤本 力也,m184,,,フジモト リキヤ,1996/12/23,男性,2016/04/01,,契約社員,,,,
m185,米田 和仁,m185,,,ヨネダ カズヒト,1998/08/26,男性,2018/04/01,,正社員,,1等級,,
m186,立石 穰,m186,,,タテイシ ユタカ,1998/09/23,男性,2018/04/01,,正社員,,1等級,,
m187,南 剛心,m187,,,ミナミ ゴウシン,1998/01/27,男性,2018/04/01,,正社員,,1等級,,
m188,藤川 岩夫,m188,,,フジカワ イワオ,1999/03/26,男性,2019/04/01,,正社員,,1等級,,
m189,合田 勇吉,m189,,,アイダ ユウキチ,1999/09/19,男性,2019/04/01,,正社員,,1等級,,
m190,津村 宏平,m190,,,ツムラ コウヘイ,1998/12/11,男性,2018/04/01,,正社員,,1等級,,
m191,妹尾 仁人,m191,,,セノオ ノリヒト,1999/04/24,男性,2019/04/01,,正社員,,1等級,,
m192,川西 湊也,m192,,,カワニシ ソウヤ,1999/08/27,男性,2019/04/01,,正社員,,1等級,,
m193,浜 珠希,m193,,,ハマ タマキ,1999/09/21,女性,2019/04/01,,正社員,,1等級,,
m194,亀田 千早,m194,,,カメダ チハヤ,2000/08/14,女性,2020/04/01,,契約社員,,,,
m195,合田 由奈,m195,,,アイダ ユナ,2000/05/16,女性,2020/04/01,,契約社員,,,,
m196,佐竹 穂乃佳,m196,,,サタケ ホノカ,2000/05/28,女性,2020/04/01,,契約社員,,,,
m197,池谷 麗,m197,,,イケタニ ウララ,2000/12/02,女性,2020/04/01,,正社員,,1等級,,
m198,正木 昭司,m198,,,マサキ ショウジ,2000/09/07,男性,2020/04/01,,正社員,,1等級,,
m199,江崎 航明,m199,,,エザキ コウメイ,2000/09/07,男性,2020/04/01,,正社員,,1等級,,
m200,瀬川 陽,m200,,,セガワ アキラ,2000/07/20,男性,2020/04/01,,正社員,,1等級,,
m201,喜多 菜々星,m201,,,キタ ナナセ,2000/01/19,女性,2020/04/01,,正社員,,1等級,,
m202,川添 陸,m202,,,カワゾエ リク,2000/05/01,女性,2020/04/01,,正社員,,1等級,,
m203,浅井 一星,m203,,,アサイ イッセイ,2000/10/06,男性,2020/04/01,,正社員,,1等級,,
m204,小杉 翔子,m204,,,コスギ ショウコ,2001/12/03,女性,2021/04/01,,正社員,,1等級,,
m205,植木 奈歩,m205,,,ウエキ ナホ,2001/09/21,女性,2021/04/01,,正社員,,1等級,,
m206,日野 松夫,m206,,,ヒノ マツオ,2000/12/30,男性,2020/04/01,,正社員,,1等級,,
m207,片山 蒼一朗,m207,,,カタヤマ ソウイチロウ,2001/05/11,男性,2021/04/01,,正社員,,1等級,,
m208,松永 要,m208,,,マツナガ カナメ,2001/06/02,男性,2021/04/01,,正社員,,1等級,,
m209,竹下 七郎,m209,,,タケシタ シチロウ,2001/09/11,男性,2021/04/01,,正社員,,1等級,,
m210,谷 勇人,m210,,,タニ ハヤト,2001/09/20,男性,2021/04/01,,正社員,,1等級,,
m211,矢島 輝,m211,,,ヤジマ ヒカル,2001/08/02,男性,2021/04/01,,正社員,,1等級,,
m212,水口 直道,m212,,,ミズグチ タダミチ,2001/02/07,男性,2021/04/01,,正社員,,1等級,,
m213,上杉 貴利也,m213,,,ウエスギ キリヤ,2001/03/18,男性,2021/04/01,,正社員,,1等級,,
m214,小野 陽音,m214,,,オノ ハルト,2002/03/24,男性,2022/04/01,,正社員,,1等級,,
m215,重田 正次,m215,,,シゲタ ショウジ,2002/05/04,男性,2022/04/01,,正社員,,1等級,,
m216,江原 治郎,m216,,,エバラ ジロウ,2002/02/05,男性,2022/04/01,,正社員,,1等級,,
m217,青山 順,m217,,,アオヤマ ジュン,2002/10/04,女性,2022/04/01,,正社員,,1等級,,
m218,寺島 節子,m218,,,テラシマ セツコ,2002/11/21,女性,2022/04/01,,正社員,,1等級,,
m219,松木 美月,m219,,,マツキ ミヅキ,2002/04/25,女性,2022/04/01,,正社員,,1等級,,
PRDIV-1922,高山 誠,PRDIV-1922,,,,,,,,,,,,
snadmin,システム管理者,snadmin,,,しすてむかんりしゃ,,,2020/03/01,,,,,,
