力量コード  ###[skill_code]###,力量名  ###[skill_name]###,力量カテゴリーコード  ###[competence_category_code]###,力量カテゴリー,力量レベルパターンコード ###[competence_scale_code]###,もうすぐ有効期限切れ（有効期限の〇日前）  ###[notify_expiration_timing_date_before]###,メール通知  ###[notify_email]###,概要  ###[overview]###,URL  ###[urls]###,有効期限切れの表示  ###[expired_highlight]###,管理者への公開  ###[competence_publish_type]###,使用プロジェクト,使用できるプロジェクト,使用力量マップ,有効期間の指定  ###[calculation_switch_type]###,有効期間の種類  ###[calculation_type]###,有効期間（年数）  ###[period_years]###,有効期間（月数）  ###[period_months]###,有効期間（暦月）  ###[specified_month]###,有効期間（日）  ###[date_type]###,有効期限の自動計算  ###[auto_calculation_enabled]###,有効期限の手動修正  ###[changeable_after_calculation]###,[育成計画の初期値]概要  ###[initial_value_training_plan_overview]###,[育成計画の初期値]目的  ###[initial_value_training_plan_purpose]###,[育成計画の初期値]開催場所  ###[initial_value_training_plan_venue]###,[育成計画の初期値]方法  ###[initial_value_training_plan_method]###,[育成計画の初期値]内部講師（メンバーコード）  ###[initial_value_training_plan_internal_lecturer_code]###,[育成計画の初期値]社外講師  ###[initial_value_training_plan_external_lecturer_name]###,[育成計画の初期値]所要時間（時間）  ###[initial_value_training_plan_required_time_hour]###,[育成計画の初期値]所要時間（分）  ###[initial_value_training_plan_required_time_minute]###,[育成計画の初期値]有効性評価の方法  ###[initial_value_training_plan_effectiveness_evaluation_method]###,[育成計画の初期値]有効性評価の結果  ###[initial_value_training_plan_effectiveness_evaluation_result]###,[育成計画の初期値]課題  ###[initial_value_training_plan_improvement]###,[育成計画の初期値]受講者による受講結果の編集  ###[initial_value_training_plan_edit_individual_record_by_attendees]###,[育成計画の初期値]他プロジェクトによる受講結果の編集  ###[initial_value_training_plan_edit_individual_record_by_other_projects]###
30QYSwliI3e8W8ysLtXS,親力量_テスト2,"C01,C02","全社共通力量,製造部",SKILL_DEFAULT,0,通知しない,,,強調する,全メンバーに公開,"31_B機器 , 30_A機器 , 01_製造部 , 06_設計部 , 13_筑波サービスセンタ",すべてのプロジェクトで使用可能,00 力量マップ,指定しない,,,,,,,,,,,,,,,,,,,閲覧のみ,登録と承認申請両方
Z9fnq3LIECTY25BEWdQi,親力量_テスト1,"C01,C02","全社共通力量,製造部",SKILL_DEFAULT,0,通知しない,,,強調する,全メンバーに公開,"31_B機器 , 30_A機器 , 01_製造部 , 06_設計部 , 13_筑波サービスセンタ",すべてのプロジェクトで使用可能,"02_レベルアップ条件 , 00 力量マップ",指定しない,,,,,,,,,,,,,,,,,,,閲覧のみ,登録と承認申請両方
D01-001,2D CADトレース,D01,設計部＞図面要素,SKILL_DEFAULT,0,通知しない,"2次元CADを操作できる力
【評価基準】
1：2D　CADソフトを使用する為の基礎知識（コマンド、線種、設定等)を有する
2:2D CADを用いて一般的な図面をトレースができる能力を有する
3:専門分野に応じた図面の読取り・製図ができる能力を有する。
　作図形状：複雑形状のモデル作成ができる
4:CADを使用し実務経験(１年)を積み、他者へ教育した実績がある",,強調する,全メンバーに公開,"01_製造部 , 06_設計部 , 13_筑波サービスセンタ",すべてのプロジェクトで使用可能,"01_設計1課 , 02_設計2課 , 03_設計3課",指定しない,,,,,,,,,,,,,,,,,,,閲覧のみ,登録と承認申請両方
D01-002,3D CADトレース,D01,設計部＞図面要素,SKILL_DEFAULT,0,通知しない,3次元CADを操作できる力,,強調する,全メンバーに公開,"01_製造部 , 06_設計部 , 13_筑波サービスセンタ",すべてのプロジェクトで使用可能,"01_設計1課 , 02_設計2課 , 03_設計3課",指定しない,,,,,,,,,,,,,,,,,,,,
D01-003,投影図,D01,設計部＞図面要素,SKILL_DEFAULT,0,通知しない,組立図・部品図に必要な投影面を選定でき、投影図として描くことができる,,強調する,全メンバーに公開,"01_製造部 , 06_設計部 , 13_筑波サービスセンタ",すべてのプロジェクトで使用可能,"01_設計1課 , 02_設計2課 , 03_設計3課",指定しない,,,,,,,,,,,,,,,,,,,,
D01-004,図面の線種類,D01,設計部＞図面要素,SKILL_DEFAULT,0,通知しない,JISに定義されている線種を理解し、使用することができる,,強調する,全メンバーに公開,"01_製造部 , 06_設計部 , 13_筑波サービスセンタ",すべてのプロジェクトで使用可能,"01_設計1課 , 02_設計2課 , 03_設計3課",指定しない,,,,,,,,,,,,,,,,,,,,
D01-005,表面粗さ,D01,設計部＞図面要素,SKILL_DEFAULT,0,通知しない,製品の出来栄え、性能・品質に関する寸法を設定することができる,,強調する,全メンバーに公開,"01_製造部 , 06_設計部 , 13_筑波サービスセンタ",すべてのプロジェクトで使用可能,"01_設計1課 , 02_設計2課 , 03_設計3課",指定しない,,,,,,,,,,,,,,,,,,,,
D01-006,図面フォーマット（注記),D01,設計部＞図面要素,SKILL_DEFAULT,0,通知しない,各種図面のフォーマットの違いを理解し、適切なフォーマットを使用できる,,強調する,全メンバーに公開,"01_製造部 , 06_設計部 , 13_筑波サービスセンタ",すべてのプロジェクトで使用可能,"01_設計1課 , 02_設計2課 , 03_設計3課",指定しない,,,,,,,,,,,,,,,,,,,,
D01-007,図面チェックシートの内容理解,D01,設計部＞図面要素,SKILL_DEFAULT,0,通知しない,,,強調する,全メンバーに公開,"01_製造部 , 06_設計部 , 13_筑波サービスセンタ",すべてのプロジェクトで使用可能,"01_設計1課 , 02_設計2課 , 03_設計3課",指定しない,,,,,,,,,,,,,,,,,,,,
D02-001,寸法公差設定,D02,設計部＞構想設計要素,SKILL_DEFAULT,0,通知しない,性能・品質や組み立てに影響する公差を加工方法を理解した上で設定することができる,,強調する,全メンバーに公開,"01_製造部 , 06_設計部 , 13_筑波サービスセンタ",すべてのプロジェクトで使用可能,"01_設計1課 , 02_設計2課 , 03_設計3課",指定しない,,,,,,,,,,,,,,,,,,,,
D02-002,はめあい公差設定,D02,設計部＞構想設計要素,SKILL_DEFAULT,0,通知しない,性能・品質や組み立てに影響する公差を加工方法を理解した上で設定することができる（穴基準にて設定する）,,強調する,全メンバーに公開,"01_製造部 , 06_設計部 , 13_筑波サービスセンタ",すべてのプロジェクトで使用可能,"01_設計1課 , 02_設計2課 , 03_設計3課",指定しない,,,,,,,,,,,,,,,,,,,,
D02-003,幾何公差設定,D02,設計部＞構想設計要素,SKILL_DEFAULT,0,通知しない,性能・品質や組み立てに影響する公差を加工方法を理解した上で設定することができる（穴基準にて設定する）,,強調する,全メンバーに公開,"01_製造部 , 06_設計部 , 13_筑波サービスセンタ",すべてのプロジェクトで使用可能,"01_設計1課 , 02_設計2課 , 03_設計3課",指定しない,,,,,,,,,,,,,,,,,,,,
D02-004,加工方法,D02,設計部＞構想設計要素,SKILL_DEFAULT,0,通知しない,"眞鍋造機で使用されている全ての加工方法を理解し、図面に活用することができる

【評価基準】
1:加工方法の一般的な知識を有している（調べて理解できる）
2:加工方法を理解する為、現場に出向き疑問点を解消できる
3:加工方法について現場の方の言葉・思いを理解でき、正しく協議で
　きる
4:加工手順について現場の方に提案でき、提案内容が採用される",,強調する,全メンバーに公開,"01_製造部 , 06_設計部 , 13_筑波サービスセンタ",すべてのプロジェクトで使用可能,"01_設計1課 , 02_設計2課 , 03_設計3課",指定しない,,,,,,,,,,,,,,,,,,,,
D02-005,溶接方法,D02,設計部＞構想設計要素,SKILL_DEFAULT,0,通知しない,眞鍋造機で使用されている全ての加工方法を理解し、図面に活用することができる,,強調する,全メンバーに公開,"01_製造部 , 06_設計部 , 13_筑波サービスセンタ",すべてのプロジェクトで使用可能,"01_設計1課 , 02_設計2課 , 03_設計3課",指定しない,,,,,,,,,,,,,,,,,,,,
D02-006,ねじ製図,D02,設計部＞構想設計要素,SKILL_DEFAULT,0,通知しない,さまざまな種類のねじ（中ボルト、高力ボルトなど）の中から適切なねじを選択でき、活用することができる,,強調する,全メンバーに公開,"01_製造部 , 06_設計部 , 13_筑波サービスセンタ",すべてのプロジェクトで使用可能,"01_設計1課 , 02_設計2課 , 03_設計3課",指定しない,,,,,,,,,,,,,,,,,,,,
D02-007,構想力,D02,設計部＞構想設計要素,SKILL_DEFAULT,0,通知しない,まだ形として存在しないものを創造し、体系的に考え、まとめる力,,強調する,全メンバーに公開,"01_製造部 , 06_設計部 , 13_筑波サービスセンタ",すべてのプロジェクトで使用可能,"01_設計1課 , 02_設計2課 , 03_設計3課",指定しない,,,,,,,,,,,,,,,,,,,,
D02-008,図解力,D02,設計部＞構想設計要素,SKILL_DEFAULT,0,通知しない,頭のアイデアを具現化し、図形として表現できる力（ポンチ絵などの作成に必要な能力）,,強調する,全メンバーに公開,"01_製造部 , 06_設計部 , 13_筑波サービスセンタ",すべてのプロジェクトで使用可能,"01_設計1課 , 02_設計2課 , 03_設計3課",指定しない,,,,,,,,,,,,,,,,,,,,
D02-009,各設計計算,D02,設計部＞構想設計要素,SKILL_DEFAULT,0,通知しない,構造・強度・ねじれ計算などにより、設計した構造や機構の根拠を計算値にて算出できる,,強調する,全メンバーに公開,"01_製造部 , 06_設計部 , 13_筑波サービスセンタ",すべてのプロジェクトで使用可能,"01_設計1課 , 02_設計2課 , 03_設計3課",指定しない,,,,,,,,,,,,,,,,,,,閲覧のみ,登録と承認申請両方
D02-010,機構設計力,D02,設計部＞構想設計要素,SKILL_DEFAULT,0,通知しない,各部品が関連して動作する仕組みを創造することができる,,強調する,全メンバーに公開,"01_製造部 , 06_設計部 , 13_筑波サービスセンタ",すべてのプロジェクトで使用可能,"01_設計1課 , 02_設計2課 , 03_設計3課",指定しない,,,,,,,,,,,,,,,,,,,,
D02-011,振動設計力,D02,設計部＞構想設計要素,SKILL_DEFAULT,0,通知しない,機械から発生する振動を抑制、もしくは吸収し、耐久性の高い製品を設計することができる,,強調する,全メンバーに公開,"01_製造部 , 06_設計部 , 13_筑波サービスセンタ",すべてのプロジェクトで使用可能,"01_設計1課 , 02_設計2課 , 03_設計3課",指定しない,,,,,,,,,,,,,,,,,,,,
D02-012,検図力,D02,設計部＞構想設計要素,SKILL_DEFAULT,0,通知しない,,,強調する,全メンバーに公開,"01_製造部 , 06_設計部 , 13_筑波サービスセンタ",すべてのプロジェクトで使用可能,"01_設計1課 , 02_設計2課 , 03_設計3課",指定しない,,,,,,,,,,,,,,,,,,,,
D03-001,信頼性設計,D03,設計部＞品質要素,SKILL_DEFAULT,0,通知しない,信頼性工学の入門内容（信頼性の定義、信頼性設計の3大要素、バスタブ胸腺など）を理解し、活用することができる,,強調する,全メンバーに公開,"01_製造部 , 06_設計部 , 13_筑波サービスセンタ",すべてのプロジェクトで使用可能,"01_設計1課 , 02_設計2課 , 03_設計3課",指定しない,,,,,,,,,,,,,,,,,,,,
D03-002,設計品質ツール,D03,設計部＞品質要素,SKILL_DEFAULT,0,通知しない,DR、FTA、FMEA、DRBFM、検図を理解し、活用することができる,,強調する,全メンバーに公開,"999.チーム機能 , 01_製造部 , 06_設計部 , 13_筑波サービスセンタ",すべてのプロジェクトで使用可能,"01_設計1課 , 02_設計2課 , 03_設計3課",指定しない,,,,,,,,,,,,,,,,,,,,
D03-003,製造品質ツール,D03,設計部＞品質要素,SKILL_DEFAULT,0,通知しない,QC工程表、管理図などQC7つ道具を理解する,,強調する,全メンバーに公開,"999.チーム機能 , 01_製造部 , 06_設計部 , 13_筑波サービスセンタ",すべてのプロジェクトで使用可能,"01_設計1課 , 02_設計2課 , 03_設計3課",指定しない,,,,,,,,,,,,,,,,,,,,
D03-004,QMS,D03,設計部＞品質要素,SKILL_DEFAULT,14,通知する,QMS（品質マネジメントシステム）の全体像を理解し、品質を確保することができる,,強調する,全メンバーに公開,"01_製造部 , 06_設計部 , 13_筑波サービスセンタ",すべてのプロジェクトで使用可能,"01_設計1課 , 02_設計2課 , 03_設計3課",指定しない,,,,,,,,,,,,,,,,,,,,
D04-001,原価算出,D04,設計部＞コスト要素,SKILL_DEFAULT,0,通知しない,目標の原価を立案することができる,,強調する,全メンバーに公開,"01_製造部 , 06_設計部 , 13_筑波サービスセンタ",すべてのプロジェクトで使用可能,"01_設計1課 , 02_設計2課 , 03_設計3課",指定しない,,,,,,,,,,,,,,,,,,,,
D04-002,原価管理,D04,設計部＞コスト要素,SKILL_DEFAULT,0,通知しない,設定した原価でものづくりを継続し、続けることができる,,強調する,全メンバーに公開,"01_製造部 , 06_設計部 , 13_筑波サービスセンタ",すべてのプロジェクトで使用可能,"01_設計1課 , 02_設計2課 , 03_設計3課",指定しない,,,,,,,,,,,,,,,,,,,,
D05-001,ロジカルシンキング（論理思考）,D05,設計部＞マネジメント要素,SKILL_DEFAULT,0,通知しない,目的思考、原因追及思考などを理解し、全てのものごとを論理的に考える事ができる能力,,強調する,全メンバーに公開,"01_製造部 , 06_設計部 , 13_筑波サービスセンタ",すべてのプロジェクトで使用可能,"01_設計1課 , 02_設計2課 , 03_設計3課",指定しない,,,,,,,,,,,,,,,,,,,,
D05-002,設計方針決定力,D05,設計部＞マネジメント要素,SKILL_DEFAULT,0,通知しない,要求仕様の全体を把握しながら、課題を抽出し、優先化、方向づけをする能力,,強調する,全メンバーに公開,"01_製造部 , 06_設計部 , 13_筑波サービスセンタ",すべてのプロジェクトで使用可能,"01_設計1課 , 02_設計2課 , 03_設計3課",指定しない,,,,,,,,,,,,,,,,,,,,
D05-003,設計戦略立案・実行力,D05,設計部＞マネジメント要素,SKILL_DEFAULT,0,通知しない,設計現場の状況を考慮しながら、戦略（生産性向上など）を具体化し、仕組みを実行させる能力(PDCA実行力),,強調する,全メンバーに公開,"01_製造部 , 06_設計部 , 13_筑波サービスセンタ",すべてのプロジェクトで使用可能,"01_設計1課 , 02_設計2課 , 03_設計3課",指定しない,,,,,,,,,,,,,,,,,,,,
D05-004,コア技術の伝承,D05,設計部＞マネジメント要素,SKILL_DEFAULT,0,通知しない,コア技術を抽出し、部下に伝承する,,強調する,全メンバーに公開,"01_製造部 , 06_設計部 , 13_筑波サービスセンタ",すべてのプロジェクトで使用可能,"01_設計1課 , 02_設計2課 , 03_設計3課",指定しない,,,,,,,,,,,,,,,,,,,,
D05-005,進捗管理,D05,設計部＞マネジメント要素,SKILL_DEFAULT,0,通知しない,進捗管理ツールを使用し、各設計者の進捗を管理する,,強調する,全メンバーに公開,"01_製造部 , 06_設計部 , 13_筑波サービスセンタ",すべてのプロジェクトで使用可能,"01_設計1課 , 02_設計2課 , 03_設計3課",指定しない,,,,,,,,,,,,,,,,,,,,
D05-006,マルチタスク能力,D05,設計部＞マネジメント要素,SKILL_DEFAULT,0,通知しない,,,強調する,全メンバーに公開,"999.チーム機能 , 01_製造部 , 06_設計部 , 13_筑波サービスセンタ",すべてのプロジェクトで使用可能,"01_設計1課 , 02_設計2課 , 03_設計3課 , チーム機能確認用マップ",指定しない,,,,,,,,,,,,,,,,,,,,
D05-007,競合他社との差別化方針の立案,D05,設計部＞マネジメント要素,SKILL_DEFAULT,0,通知しない,競合他社を分析し、差別化の戦略を立案する,,強調する,全メンバーに公開,"01_製造部 , 06_設計部 , 13_筑波サービスセンタ",すべてのプロジェクトで使用可能,"01_設計1課 , 02_設計2課 , 03_設計3課",指定しない,,,,,,,,,,,,,,,,,,,,
D05-008,リスクアセスメント,D05,設計部＞マネジメント要素,SKILL_DEFAULT,0,通知しない,設計前にリスクを抽出し、リスクの回避・保有などを決定する,,強調する,全メンバーに公開,"01_製造部 , 06_設計部 , 13_筑波サービスセンタ",すべてのプロジェクトで使用可能,"01_設計1課 , 02_設計2課 , 03_設計3課",指定しない,,,,,,,,,,,,,,,,,,,,
D05-009,問題解決手法,D05,設計部＞マネジメント要素,SKILL_DEFAULT,0,通知しない,日々発生する問題を解決する方向に導く能力,,強調する,全メンバーに公開,"01_製造部 , 06_設計部 , 13_筑波サービスセンタ",すべてのプロジェクトで使用可能,"01_設計1課 , 02_設計2課 , 03_設計3課",指定しない,,,,,,,,,,,,,,,,,,,,
D05-010,マーケティング力,D05,設計部＞マネジメント要素,SKILL_DEFAULT,0,通知しない,市場やお客様から要求されている内容を事前に予測し、製品に展開させれる能力,,強調する,全メンバーに公開,"999.チーム機能 , 01_製造部 , 06_設計部 , 13_筑波サービスセンタ",すべてのプロジェクトで使用可能,"01_設計1課 , 02_設計2課 , 03_設計3課 , チーム機能確認用マップ",指定しない,,,,,,,,,,,,,,,,,,,,
D06-001,リーダーシップ力,D06,設計部＞対人関係要素,SKILL_DEFAULT,0,通知しない,設計チームの個々のレベルを合わせながらその目的に向かって導いていく能力,,強調する,全メンバーに公開,"999.チーム機能 , 01_製造部 , 06_設計部 , 13_筑波サービスセンタ",すべてのプロジェクトで使用可能,"01_設計1課 , 02_設計2課 , 03_設計3課 , チーム機能確認用マップ",指定しない,,,,,,,,,,,,,,,,,,,,
D06-002,チームワーク力,D06,設計部＞対人関係要素,SKILL_DEFAULT,0,通知しない,,,強調する,全メンバーに公開,"999.チーム機能 , 01_製造部 , 06_設計部 , 13_筑波サービスセンタ",すべてのプロジェクトで使用可能,"01_設計1課 , 02_設計2課 , 03_設計3課 , チーム機能確認用マップ",指定しない,,,,,,,,,,,,,,,,,,,,
D06-003,調整力,D06,設計部＞対人関係要素,SKILL_DEFAULT,0,通知しない,スケジュール、対人対応など、物事をバランス良く保つために必要な力,,強調する,全メンバーに公開,"999.チーム機能 , 01_製造部 , 06_設計部 , 13_筑波サービスセンタ",すべてのプロジェクトで使用可能,"01_設計1課 , 02_設計2課 , 03_設計3課 , チーム機能確認用マップ",指定しない,,,,,,,,,,,,,,,,,,,,
D06-004,プレゼンテーション力,D06,設計部＞対人関係要素,SKILL_DEFAULT,0,通知しない,相手にわかりやすく伝え、理解、納得、行動を起こさせる力,,強調する,全メンバーに公開,"999.チーム機能 , 01_製造部 , 06_設計部 , 13_筑波サービスセンタ",すべてのプロジェクトで使用可能,"01_設計1課 , 02_設計2課 , 03_設計3課 , チーム機能確認用マップ",指定しない,,,,,,,,,,,,,,,,,,,,
D06-005,交渉力,D06,設計部＞対人関係要素,SKILL_DEFAULT,0,通知しない,相手と自分の要望のギャップをお互いが納得できるレベルまで円滑に整合を図る力,,強調する,全メンバーに公開,"999.チーム機能 , 01_製造部 , 06_設計部 , 13_筑波サービスセンタ",すべてのプロジェクトで使用可能,"01_設計1課 , 02_設計2課 , 03_設計3課 , チーム機能確認用マップ",指定しない,,,,,,,,,,,,,,,,,,,,
D06-006,人材育成力（コーチング力）,D06,設計部＞対人関係要素,SKILL_DEFAULT,0,通知しない,個性を尊重しながら、創造力、問題解決力、共感力を向上させる力,,強調する,全メンバーに公開,"999.チーム機能 , 01_製造部 , 06_設計部 , 13_筑波サービスセンタ",すべてのプロジェクトで使用可能,"01_設計1課 , 02_設計2課 , 03_設計3課 , チーム機能確認用マップ",指定しない,,,,,,,,,,,,,,,,,,,,
D06-007,設計コミュニケーション,D06,設計部＞対人関係要素,SKILL_DEFAULT,0,通知しない,技術的な内容の報連相を実現するためのコミュニケーション能力を取得する,,強調する,全メンバーに公開,"999.チーム機能 , 01_製造部 , 06_設計部 , 13_筑波サービスセンタ",すべてのプロジェクトで使用可能,"01_設計1課 , 02_設計2課 , 03_設計3課 , チーム機能確認用マップ",指定しない,,,,,,,,,,,,,,,,,,,,
SE0101-001,現場下見ができる,SE0101,5軸マシニングセンタ＞据付,SKILL_DEFAULT,0,通知しない,"※20230501更新※
【評価基準】
1：作業標準書を理解した上で、上司から伝えられたポイントを正しく押さえて作業表に残せる
2：自身で現場を見て回り、作業記録表を残せる。上司の指摘が2ヵ所以下
3：一人で現場下見に行き、作業表に残せる。
4：後輩に指導ができる

【評価のポイント】
・搬入口、配線など、必ず見ておくべきポイントを押さえられているか
・搬入経路や当日の作業手順を顧客と漏れなくすり合わせできているか
・作業表は誰が見てもわかりやすく、当日段取り通りに作業できるような書き方になっているか",,強調する,全メンバーに公開,"06_設計部 , 13_筑波サービスセンタ",すべてのプロジェクトで使用可能,01_5軸マシニングセンタ,指定しない,,,,,,,,,,,,,,,,,,,,
SE0101-002,搬入ができる,SE0101,5軸マシニングセンタ＞据付,SKILL_DEFAULT,0,通知しない,,,強調する,全メンバーに公開,"06_設計部 , 13_筑波サービスセンタ",すべてのプロジェクトで使用可能,01_5軸マシニングセンタ,指定しない,,,,,,,,,,,,,,,,,,,,
SE0101-003,据付に必要な工具・治具を理解し準備ができる,SE0101,5軸マシニングセンタ＞据付,SKILL_DEFAULT,0,通知しない,,,強調する,全メンバーに公開,"06_設計部 , 13_筑波サービスセンタ",すべてのプロジェクトで使用可能,01_5軸マシニングセンタ,指定しない,,,,,,,,,,,,,,,,,,,,
SE0101-004,据付作業ができる,SE0101,5軸マシニングセンタ＞据付,SKILL_DEFAULT,0,通知しない,,,強調する,全メンバーに公開,"06_設計部 , 13_筑波サービスセンタ",すべてのプロジェクトで使用可能,01_5軸マシニングセンタ,指定しない,,,,,,,,,,,,,,,,,,,,
SE0101-005,部品取付作業ができる,SE0101,5軸マシニングセンタ＞据付,SKILL_DEFAULT,0,通知しない,,,強調する,全メンバーに公開,"06_設計部 , 13_筑波サービスセンタ",すべてのプロジェクトで使用可能,01_5軸マシニングセンタ,指定しない,,,,,,,,,,,,,,,,,,,,
SE0101-006,配線作業ができる,SE0101,5軸マシニングセンタ＞据付,SKILL_DEFAULT,0,通知しない,,,強調する,全メンバーに公開,"06_設計部 , 13_筑波サービスセンタ",すべてのプロジェクトで使用可能,01_5軸マシニングセンタ,指定しない,,,,,,,,,,,,,,,,,,,,
SE0101-007,パラメータの初期設定・変更ができる,SE0101,5軸マシニングセンタ＞据付,SKILL_DEFAULT,0,通知しない,,,強調する,全メンバーに公開,"06_設計部 , 13_筑波サービスセンタ",すべてのプロジェクトで使用可能,01_5軸マシニングセンタ,指定しない,,,,,,,,,,,,,,,,,,,,
SE0101-008,プログラム作成ができる,SE0101,5軸マシニングセンタ＞据付,SKILL_DEFAULT,0,通知しない,,,強調する,全メンバーに公開,"06_設計部 , 13_筑波サービスセンタ",すべてのプロジェクトで使用可能,01_5軸マシニングセンタ,指定しない,,,,,,,,,,,,,,,,,,,,
SE0101-009,実演・操作説明ができる,SE0101,5軸マシニングセンタ＞据付,SKILL_DEFAULT,0,通知しない,,,強調する,全メンバーに公開,"06_設計部 , 13_筑波サービスセンタ",すべてのプロジェクトで使用可能,01_5軸マシニングセンタ,指定しない,,,,,,,,,,,,,,,,,,,,
SE0102-001,修理に必要な工具・治具を理解し準備ができる,SE0102,5軸マシニングセンタ＞修理,SKILL_DEFAULT,0,通知しない,,,強調する,全メンバーに公開,"06_設計部 , 13_筑波サービスセンタ",すべてのプロジェクトで使用可能,01_5軸マシニングセンタ,指定しない,,,,,,,,,,,,,,,,,,,,
SE0102-002,エラー発生状況をお客様から適切にヒアリングできる,SE0102,5軸マシニングセンタ＞修理,SKILL_DEFAULT,0,通知しない,,,強調する,全メンバーに公開,"06_設計部 , 13_筑波サービスセンタ",すべてのプロジェクトで使用可能,01_5軸マシニングセンタ,指定しない,,,,,,,,,,,,,,,,,,,,
SE0102-003,修理内容の説明ができる,SE0102,5軸マシニングセンタ＞修理,SKILL_DEFAULT,0,通知しない,,,強調する,全メンバーに公開,"06_設計部 , 13_筑波サービスセンタ",すべてのプロジェクトで使用可能,01_5軸マシニングセンタ,指定しない,,,,,,,,,,,,,,,,,,,,
SE0102-004,修理の見積もりを作成できる,SE0102,5軸マシニングセンタ＞修理,SKILL_DEFAULT,0,通知しない,,,強調する,全メンバーに公開,"06_設計部 , 13_筑波サービスセンタ",すべてのプロジェクトで使用可能,01_5軸マシニングセンタ,指定しない,,,,,,,,,,,,,,,,,,,,
SE0102-005,データのバックアップができる,SE0102,5軸マシニングセンタ＞修理,SKILL_DEFAULT,0,通知しない,,,強調する,全メンバーに公開,"06_設計部 , 13_筑波サービスセンタ",すべてのプロジェクトで使用可能,01_5軸マシニングセンタ,指定しない,,,,,,,,,,,,,,,,,,,,
SE0102-006,ソフトウェアのアップデートができる,SE0102,5軸マシニングセンタ＞修理,SKILL_DEFAULT,0,通知しない,,,強調する,全メンバーに公開,"06_設計部 , 13_筑波サービスセンタ",すべてのプロジェクトで使用可能,01_5軸マシニングセンタ,指定しない,,,,,,,,,,,,,,,,,,,,
SE0102-007,分解ができる,SE0102,5軸マシニングセンタ＞修理,SKILL_DEFAULT,0,通知しない,,,強調する,全メンバーに公開,"06_設計部 , 13_筑波サービスセンタ",すべてのプロジェクトで使用可能,01_5軸マシニングセンタ,指定しない,,,,,,,,,,,,,,,,,,,,
SE0102-008,X軸モータの交換ができる,SE0102,5軸マシニングセンタ＞修理,SKILL_DEFAULT,0,通知しない,,,強調する,全メンバーに公開,"06_設計部 , 13_筑波サービスセンタ",すべてのプロジェクトで使用可能,01_5軸マシニングセンタ,指定しない,,,,,,,,,,,,,,,,,,,,
SE0102-009,Y軸モータの交換ができる,SE0102,5軸マシニングセンタ＞修理,SKILL_DEFAULT,0,通知しない,,,強調する,全メンバーに公開,"06_設計部 , 13_筑波サービスセンタ",すべてのプロジェクトで使用可能,01_5軸マシニングセンタ,指定しない,,,,,,,,,,,,,,,,,,,,
SE0102-010,Z軸モータの交換ができる,SE0102,5軸マシニングセンタ＞修理,SKILL_DEFAULT,0,通知しない,,,強調する,全メンバーに公開,"06_設計部 , 13_筑波サービスセンタ",すべてのプロジェクトで使用可能,01_5軸マシニングセンタ,指定しない,,,,,,,,,,,,,,,,,,,,
SE0102-011,ガイドの交換ができる,SE0102,5軸マシニングセンタ＞修理,SKILL_DEFAULT,0,通知しない,,,強調する,全メンバーに公開,"06_設計部 , 13_筑波サービスセンタ",すべてのプロジェクトで使用可能,01_5軸マシニングセンタ,指定しない,,,,,,,,,,,,,,,,,,,,
SE0102-012,基盤の交換ができる,SE0102,5軸マシニングセンタ＞修理,SKILL_DEFAULT,0,通知しない,,,強調する,全メンバーに公開,"06_設計部 , 13_筑波サービスセンタ",すべてのプロジェクトで使用可能,01_5軸マシニングセンタ,指定しない,,,,,,,,,,,,,,,,,,,,
SE0102-013,ケーブルの交換ができる,SE0102,5軸マシニングセンタ＞修理,SKILL_DEFAULT,0,通知しない,,,強調する,全メンバーに公開,"06_設計部 , 13_筑波サービスセンタ",すべてのプロジェクトで使用可能,01_5軸マシニングセンタ,指定しない,,,,,,,,,,,,,,,,,,,,
SE0102-014,組み立てができる,SE0102,5軸マシニングセンタ＞修理,SKILL_DEFAULT,0,通知しない,,,強調する,全メンバーに公開,"06_設計部 , 13_筑波サービスセンタ",すべてのプロジェクトで使用可能,01_5軸マシニングセンタ,指定しない,,,,,,,,,,,,,,,,,,,,
SE0103-001,点検に必要な工具・治具を理解し準備ができる,SE0103,5軸マシニングセンタ＞点検,SKILL_DEFAULT,0,通知しない,,,強調する,全メンバーに公開,"06_設計部 , 13_筑波サービスセンタ",すべてのプロジェクトで使用可能,01_5軸マシニングセンタ,指定しない,,,,,,,,,,,,,,,,,,,,
SE0103-002,構成を理解し、適切な点検報告書が作成できる,SE0103,5軸マシニングセンタ＞点検,SKILL_DEFAULT,0,通知しない,,,強調する,全メンバーに公開,"06_設計部 , 13_筑波サービスセンタ",すべてのプロジェクトで使用可能,01_5軸マシニングセンタ,指定しない,,,,,,,,,,,,,,,,,,,,
SE0103-003,手順書通りの点検作業ができる,SE0103,5軸マシニングセンタ＞点検,SKILL_DEFAULT,0,通知しない,,,強調する,全メンバーに公開,"06_設計部 , 13_筑波サービスセンタ",すべてのプロジェクトで使用可能,01_5軸マシニングセンタ,指定しない,,,,,,,,,,,,,,,,,,,,
SE0103-004,定期交換部品の交換ができる,SE0103,5軸マシニングセンタ＞点検,SKILL_DEFAULT,0,通知しない,,,強調する,全メンバーに公開,"06_設計部 , 13_筑波サービスセンタ",すべてのプロジェクトで使用可能,01_5軸マシニングセンタ,指定しない,,,,,,,,,,,,,,,,,,,,
SE0103-005,ガイドの精度確認ができる,SE0103,5軸マシニングセンタ＞点検,SKILL_DEFAULT,0,通知しない,,,強調する,全メンバーに公開,"06_設計部 , 13_筑波サービスセンタ",すべてのプロジェクトで使用可能,01_5軸マシニングセンタ,指定しない,,,,,,,,,,,,,,,,,,,,
SE0103-006,平面度確認ができる,SE0103,5軸マシニングセンタ＞点検,SKILL_DEFAULT,0,通知しない,,,強調する,全メンバーに公開,"06_設計部 , 13_筑波サービスセンタ",すべてのプロジェクトで使用可能,01_5軸マシニングセンタ,指定しない,,,,,,,,,,,,,,,,,,,,
SE0103-007,摩耗状態の確認ができる,SE0103,5軸マシニングセンタ＞点検,SKILL_DEFAULT,0,通知しない,,,強調する,全メンバーに公開,"06_設計部 , 13_筑波サービスセンタ",すべてのプロジェクトで使用可能,01_5軸マシニングセンタ,指定しない,,,,,,,,,,,,,,,,,,,,
SE0103-008,ツールチェンジャーの動作確認ができる,SE0103,5軸マシニングセンタ＞点検,SKILL_DEFAULT,0,通知しない,,,強調する,全メンバーに公開,"06_設計部 , 13_筑波サービスセンタ",すべてのプロジェクトで使用可能,01_5軸マシニングセンタ,指定しない,,,,,,,,,,,,,,,,,,,,
SE0201-001,現場下見ができる,SE0201,立形マシニングセンタ＞据付,SKILL_DEFAULT,0,通知しない,,,強調する,全メンバーに公開,,すべてのプロジェクトで使用可能,,指定しない,,,,,,,,,,,,,,,,,,,,
SE0201-002,搬入ができる,SE0201,立形マシニングセンタ＞据付,SKILL_DEFAULT,0,通知しない,,,強調する,全メンバーに公開,,すべてのプロジェクトで使用可能,,指定しない,,,,,,,,,,,,,,,,,,,,
SE0201-003,据付に必要な工具・治具を理解し準備ができる,SE0201,立形マシニングセンタ＞据付,SKILL_DEFAULT,0,通知しない,,,強調する,全メンバーに公開,,すべてのプロジェクトで使用可能,,指定しない,,,,,,,,,,,,,,,,,,,,
SE0201-004,据付作業ができる,SE0201,立形マシニングセンタ＞据付,SKILL_DEFAULT,0,通知しない,,,強調する,全メンバーに公開,,すべてのプロジェクトで使用可能,,指定しない,,,,,,,,,,,,,,,,,,,,
SE0201-005,部品取付作業ができる,SE0201,立形マシニングセンタ＞据付,SKILL_DEFAULT,0,通知しない,,,強調する,全メンバーに公開,,すべてのプロジェクトで使用可能,,指定しない,,,,,,,,,,,,,,,,,,,,
SE0201-006,配線作業ができる,SE0201,立形マシニングセンタ＞据付,SKILL_DEFAULT,0,通知しない,,,強調する,全メンバーに公開,,すべてのプロジェクトで使用可能,,指定しない,,,,,,,,,,,,,,,,,,,,
SE0201-007,パラメータの初期設定・変更ができる,SE0201,立形マシニングセンタ＞据付,SKILL_DEFAULT,0,通知しない,,,強調する,全メンバーに公開,,すべてのプロジェクトで使用可能,,指定しない,,,,,,,,,,,,,,,,,,,,
SE0201-008,プログラム作成ができる,SE0201,立形マシニングセンタ＞据付,SKILL_DEFAULT,0,通知しない,,,強調する,全メンバーに公開,,すべてのプロジェクトで使用可能,,指定しない,,,,,,,,,,,,,,,,,,,,
SE0201-009,実演・操作説明ができる,SE0201,立形マシニングセンタ＞据付,SKILL_DEFAULT,0,通知しない,,,強調する,全メンバーに公開,,すべてのプロジェクトで使用可能,,指定しない,,,,,,,,,,,,,,,,,,,,
SE0202-001,修理に必要な工具・治具を理解し準備ができる,SE0202,立形マシニングセンタ＞修理,SKILL_DEFAULT,0,通知しない,,,強調する,全メンバーに公開,,すべてのプロジェクトで使用可能,,指定しない,,,,,,,,,,,,,,,,,,,,
SE0202-002,エラー発生状況をお客様から適切にヒアリングできる,SE0202,立形マシニングセンタ＞修理,SKILL_DEFAULT,0,通知しない,,,強調する,全メンバーに公開,,すべてのプロジェクトで使用可能,,指定しない,,,,,,,,,,,,,,,,,,,,
SE0202-003,修理内容の説明ができる,SE0202,立形マシニングセンタ＞修理,SKILL_DEFAULT,0,通知しない,,,強調する,全メンバーに公開,,すべてのプロジェクトで使用可能,,指定しない,,,,,,,,,,,,,,,,,,,,
SE0202-004,修理の見積もりを作成できる,SE0202,立形マシニングセンタ＞修理,SKILL_DEFAULT,0,通知しない,,,強調する,全メンバーに公開,,すべてのプロジェクトで使用可能,,指定しない,,,,,,,,,,,,,,,,,,,,
SE0202-005,データのバックアップができる,SE0202,立形マシニングセンタ＞修理,SKILL_DEFAULT,0,通知しない,,,強調する,全メンバーに公開,,すべてのプロジェクトで使用可能,,指定しない,,,,,,,,,,,,,,,,,,,,
SE0202-006,ソフトウェアのアップデートができる,SE0202,立形マシニングセンタ＞修理,SKILL_DEFAULT,0,通知しない,,,強調する,全メンバーに公開,,すべてのプロジェクトで使用可能,,指定しない,,,,,,,,,,,,,,,,,,,,
SE0202-007,分解ができる,SE0202,立形マシニングセンタ＞修理,SKILL_DEFAULT,0,通知しない,,,強調する,全メンバーに公開,,すべてのプロジェクトで使用可能,,指定しない,,,,,,,,,,,,,,,,,,,,
SE0202-008,X軸モータの交換ができる,SE0202,立形マシニングセンタ＞修理,SKILL_DEFAULT,0,通知しない,,,強調する,全メンバーに公開,,すべてのプロジェクトで使用可能,,指定しない,,,,,,,,,,,,,,,,,,,,
SE0202-009,Y軸モータの交換ができる,SE0202,立形マシニングセンタ＞修理,SKILL_DEFAULT,0,通知しない,,,強調する,全メンバーに公開,,すべてのプロジェクトで使用可能,,指定しない,,,,,,,,,,,,,,,,,,,,
SE0202-010,Z軸モータの交換ができる,SE0202,立形マシニングセンタ＞修理,SKILL_DEFAULT,0,通知しない,,,強調する,全メンバーに公開,,すべてのプロジェクトで使用可能,,指定しない,,,,,,,,,,,,,,,,,,,,
SE0202-011,ガイドの交換ができる,SE0202,立形マシニングセンタ＞修理,SKILL_DEFAULT,0,通知しない,,,強調する,全メンバーに公開,,すべてのプロジェクトで使用可能,,指定しない,,,,,,,,,,,,,,,,,,,,
SE0202-012,基盤の交換ができる,SE0202,立形マシニングセンタ＞修理,SKILL_DEFAULT,0,通知しない,,,強調する,全メンバーに公開,,すべてのプロジェクトで使用可能,,指定しない,,,,,,,,,,,,,,,,,,,,
SE0202-013,ケーブルの交換ができる,SE0202,立形マシニングセンタ＞修理,SKILL_DEFAULT,0,通知しない,,,強調する,全メンバーに公開,,すべてのプロジェクトで使用可能,,指定しない,,,,,,,,,,,,,,,,,,,,
SE0202-014,組み立てができる,SE0202,立形マシニングセンタ＞修理,SKILL_DEFAULT,0,通知しない,,,強調する,全メンバーに公開,,すべてのプロジェクトで使用可能,,指定しない,,,,,,,,,,,,,,,,,,,,
SE0203-001,点検に必要な工具・治具を理解し準備ができる,SE0203,立形マシニングセンタ＞点検,SKILL_DEFAULT,0,通知しない,,,強調する,全メンバーに公開,,すべてのプロジェクトで使用可能,,指定しない,,,,,,,,,,,,,,,,,,,,
SE0203-002,構成を理解し、適切な点検報告書が作成できる,SE0203,立形マシニングセンタ＞点検,SKILL_DEFAULT,0,通知しない,,,強調する,全メンバーに公開,,すべてのプロジェクトで使用可能,,指定しない,,,,,,,,,,,,,,,,,,,,
SE0203-003,手順書通りの点検作業ができる,SE0203,立形マシニングセンタ＞点検,SKILL_DEFAULT,0,通知しない,,,強調する,全メンバーに公開,,すべてのプロジェクトで使用可能,,指定しない,,,,,,,,,,,,,,,,,,,,
SE0203-004,定期交換部品の交換ができる,SE0203,立形マシニングセンタ＞点検,SKILL_DEFAULT,0,通知しない,,,強調する,全メンバーに公開,,すべてのプロジェクトで使用可能,,指定しない,,,,,,,,,,,,,,,,,,,,
SE0203-005,ガイドの精度確認ができる,SE0203,立形マシニングセンタ＞点検,SKILL_DEFAULT,0,通知しない,,,強調する,全メンバーに公開,,すべてのプロジェクトで使用可能,,指定しない,,,,,,,,,,,,,,,,,,,,
SE0203-006,平面度確認ができる,SE0203,立形マシニングセンタ＞点検,SKILL_DEFAULT,0,通知しない,,,強調する,全メンバーに公開,,すべてのプロジェクトで使用可能,,指定しない,,,,,,,,,,,,,,,,,,,,
SE0203-007,摩耗状態の確認ができる,SE0203,立形マシニングセンタ＞点検,SKILL_DEFAULT,0,通知しない,,,強調する,全メンバーに公開,,すべてのプロジェクトで使用可能,,指定しない,,,,,,,,,,,,,,,,,,,,
SE0203-008,ツールチェンジャーの動作確認ができる,SE0203,立形マシニングセンタ＞点検,SKILL_DEFAULT,0,通知しない,,,強調する,全メンバーに公開,,すべてのプロジェクトで使用可能,,指定しない,,,,,,,,,,,,,,,,,,,,
C0311-1,要求仕様書の作成,C0311,設計部＞業務プロセス＞企画,SKILL_DEFAULT,0,通知しない,製品企画や顧客の曖昧な要求に対し、技術的な根拠もとに実現可能な仕様を言語化できる。,,強調する,全メンバーに公開,"01_製造部 , 06_設計部 , 13_筑波サービスセンタ",すべてのプロジェクトで使用可能,04_機械設計_業務プロセス,指定しない,,,,,,,,,,,,,,,,,,,,
C0311-2,要求仕様書の評価,C0311,設計部＞業務プロセス＞企画,SKILL_DEFAULT,0,通知しない,技術的な知見や根拠、経験をもとに、他者の作成した要求仕様書を評価し、実現性あるフィードバックができる。,,強調する,全メンバーに公開,"01_製造部 , 06_設計部 , 13_筑波サービスセンタ",すべてのプロジェクトで使用可能,04_機械設計_業務プロセス,指定しない,,,,,,,,,,,,,,,,,,,,
C0311-3,コミュニケーション力,C0311,設計部＞業務プロセス＞企画,SKILL_DEFAULT,0,通知しない,表面的な要求ではなく、潜在的な要求を理解し、提案できる。,,強調する,全メンバーに公開,"01_製造部 , 06_設計部 , 13_筑波サービスセンタ",すべてのプロジェクトで使用可能,04_機械設計_業務プロセス,指定しない,,,,,,,,,,,,,,,,,,,,
C0311-4,アイデア発想力,C0311,設計部＞業務プロセス＞企画,SKILL_DEFAULT,0,通知しない,自社の強みや差別化要素を踏まえた、付加価値を生むアイデアを発想できる。,,強調する,全メンバーに公開,"01_製造部 , 06_設計部 , 13_筑波サービスセンタ",すべてのプロジェクトで使用可能,04_機械設計_業務プロセス,指定しない,,,,,,,,,,,,,,,,,,,,
C0312-1,ポンチ絵の作成,C0312,設計部＞業務プロセス＞構想設計,SKILL_DEFAULT,0,通知しない,要求仕様書をもとに、構想図を作成するためのドラフトをフリーハンドの絵で作成できる。,,強調する,全メンバーに公開,"01_製造部 , 06_設計部 , 13_筑波サービスセンタ",すべてのプロジェクトで使用可能,04_機械設計_業務プロセス,指定しない,,,,,,,,,,,,,,,,,,,,
C0312-2,構想図の作成,C0312,設計部＞業務プロセス＞構想設計,SKILL_DEFAULT,0,通知しない,技術的な知見や根拠、経験をもとに、他者の作成した構想図を評価し、実現性あるフィードバックができる。,,強調する,全メンバーに公開,"01_製造部 , 06_設計部 , 13_筑波サービスセンタ",すべてのプロジェクトで使用可能,,指定しない,,,,,,,,,,,,,,,,,,,,
C0312-3,構想図の評価,C0312,設計部＞業務プロセス＞構想設計,SKILL_DEFAULT,0,通知しない,要求仕様を充足した構造図を作成できる。,,強調する,全メンバーに公開,"01_製造部 , 06_設計部 , 13_筑波サービスセンタ",すべてのプロジェクトで使用可能,,指定しない,,,,,,,,,,,,,,,,,,,,
C0312-4,3D 習熟,C0312,設計部＞業務プロセス＞構想設計,SKILL_DEFAULT,0,通知しない,3D CADの基本的な使い方を理解できている。,,強調する,全メンバーに公開,"01_製造部 , 06_設計部 , 13_筑波サービスセンタ",すべてのプロジェクトで使用可能,,指定しない,,,,,,,,,,,,,,,,,,,,
C0312-5,機能性の目算,C0312,設計部＞業務プロセス＞構想設計,SKILL_DEFAULT,0,通知しない,製品企画に対し、機能が十分か、「あたり」をつけることができる。,,強調する,全メンバーに公開,"01_製造部 , 06_設計部 , 13_筑波サービスセンタ",すべてのプロジェクトで使用可能,04_機械設計_業務プロセス,指定しない,,,,,,,,,,,,,,,,,,,,
C0312-6,機械要素の目算,C0312,設計部＞業務プロセス＞構想設計,SKILL_DEFAULT,0,通知しない,どんな機構・構造でどんな機械要素を用いるか、「あたり」をつけることができる。,,強調する,全メンバーに公開,"01_製造部 , 06_設計部 , 13_筑波サービスセンタ",すべてのプロジェクトで使用可能,04_機械設計_業務プロセス,指定しない,,,,,,,,,,,,,,,,,,,,
C0312-7,メカトロ部品の目算,C0312,設計部＞業務プロセス＞構想設計,SKILL_DEFAULT,0,通知しない,駆動方法や駆動伝達方法、動作、位置を検知する方法に「あたり」をつけることができる。,,強調する,全メンバーに公開,"01_製造部 , 06_設計部 , 13_筑波サービスセンタ",すべてのプロジェクトで使用可能,04_機械設計_業務プロセス,指定しない,,,,,,,,,,,,,,,,,,,,
C0312-8,機械強度・不具合発生の目算,C0312,設計部＞業務プロセス＞構想設計,SKILL_DEFAULT,0,通知しない,機械強度は十分か/動作時の不具合や干渉はあるか、「あたり」をつけることができる。,,強調する,全メンバーに公開,"01_製造部 , 06_設計部 , 13_筑波サービスセンタ",すべてのプロジェクトで使用可能,04_機械設計_業務プロセス,指定しない,,,,,,,,,,,,,,,,,,,,
C0312-9,コスト・スケジュールの目算,C0312,設計部＞業務プロセス＞構想設計,SKILL_DEFAULT,0,通知しない,コスト・スケジュール、「あたり」をつけることができる。,,強調する,全メンバーに公開,"01_製造部 , 06_設計部 , 13_筑波サービスセンタ",すべてのプロジェクトで使用可能,04_機械設計_業務プロセス,指定しない,,,,,,,,,,,,,,,,,,,,
C0313-1,機械構成部品の決定・配置,C0313,設計部＞業務プロセス＞基本設計,SKILL_DEFAULT,0,通知しない,機械の構造や機構を実現する機械要素や機械部品の寸法・精度・材質等を決定・配置し、検討図に反映できる。,,強調する,全メンバーに公開,"01_製造部 , 06_設計部 , 13_筑波サービスセンタ",すべてのプロジェクトで使用可能,04_機械設計_業務プロセス,指定しない,,,,,,,,,,,,,,,,,,,,
C0313-2,メカトロニクス制御系の検討,C0313,設計部＞業務プロセス＞基本設計,SKILL_DEFAULT,0,通知しない,アクチュエーターやセンサーなどメカトロ部品を選定・配置し、配線や制御方法を検討図に反映できる。,,強調する,全メンバーに公開,"01_製造部 , 06_設計部 , 13_筑波サービスセンタ",すべてのプロジェクトで使用可能,04_機械設計_業務プロセス,指定しない,,,,,,,,,,,,,,,,,,,,
C0314-4,部品図の評価,C0314,設計部＞業務プロセス＞詳細設計,SKILL_DEFAULT,0,通知しない,技術的な知見や根拠、経験をもとに、他者の作成した部品図を評価し、実現性あるフィードバックができる。,,強調する,全メンバーに公開,"01_製造部 , 06_設計部 , 13_筑波サービスセンタ",すべてのプロジェクトで使用可能,04_機械設計_業務プロセス,指定しない,,,,,,,,,,,,,,,,,,,,
C0313-3,強度解析,C0313,設計部＞業務プロセス＞基本設計,SKILL_DEFAULT,0,通知しない,機械の剛性やバランスなどの静的強度や加減速時の慣性や振動、騒音などの動的特性を設計計算・解析・シミュレーション・干渉チェックを実施し、検討図に反映できる。,,強調する,全メンバーに公開,"01_製造部 , 06_設計部 , 13_筑波サービスセンタ",すべてのプロジェクトで使用可能,04_機械設計_業務プロセス,指定しない,,,,,,,,,,,,,,,,,,,,
C0313-4,組立方法・分解方法,C0313,設計部＞業務プロセス＞基本設計,SKILL_DEFAULT,0,通知しない,下流工程の加工や組み立て、分解方法を定め、検討図に反映できる。,,強調する,全メンバーに公開,"01_製造部 , 06_設計部 , 13_筑波サービスセンタ",すべてのプロジェクトで使用可能,04_機械設計_業務プロセス,指定しない,,,,,,,,,,,,,,,,,,,,
C0313-5,メンテナンス方法の検討,C0313,設計部＞業務プロセス＞基本設計,SKILL_DEFAULT,0,通知しない,機械のメンテナンス方法を定め、検討図に反映できる。,,強調する,全メンバーに公開,"01_製造部 , 06_設計部 , 13_筑波サービスセンタ",すべてのプロジェクトで使用可能,04_機械設計_業務プロセス,指定しない,,,,,,,,,,,,,,,,,,,,
C0313-6,評価基準・評価方法,C0313,設計部＞業務プロセス＞基本設計,SKILL_DEFAULT,0,通知しない,評価基準・評価方法を定め、検討図に反映できる。,,強調する,全メンバーに公開,"01_製造部 , 06_設計部 , 13_筑波サービスセンタ",すべてのプロジェクトで使用可能,04_機械設計_業務プロセス,指定しない,,,,,,,,,,,,,,,,,,,,
C0313-7,機械仕様の見直し,C0313,設計部＞業務プロセス＞基本設計,SKILL_DEFAULT,0,通知しない,基本設計の内容を踏まえ、構想設計や仕様書の内容を見直しできる。,,強調する,全メンバーに公開,"01_製造部 , 06_設計部 , 13_筑波サービスセンタ",すべてのプロジェクトで使用可能,04_機械設計_業務プロセス,指定しない,,,,,,,,,,,,,,,,,,,,
C0313-8,仕様書の作成,C0313,設計部＞業務プロセス＞基本設計,SKILL_DEFAULT,0,通知しない,,,強調する,全メンバーに公開,"01_製造部 , 06_設計部 , 13_筑波サービスセンタ",すべてのプロジェクトで使用可能,04_機械設計_業務プロセス,指定しない,,,,,,,,,,,,,,,,,,,,
C0313-9,仕様書の評価,C0313,設計部＞業務プロセス＞基本設計,SKILL_DEFAULT,0,通知しない,,,強調する,全メンバーに公開,"01_製造部 , 06_設計部 , 13_筑波サービスセンタ",すべてのプロジェクトで使用可能,04_機械設計_業務プロセス,指定しない,,,,,,,,,,,,,,,,,,,,
C0313-10,製品概要の定義,C0313,設計部＞業務プロセス＞基本設計,SKILL_DEFAULT,0,通知しない,,,強調する,全メンバーに公開,"01_製造部 , 06_設計部 , 13_筑波サービスセンタ",すべてのプロジェクトで使用可能,,指定しない,,,,,,,,,,,,,,,,,,,,
C0313-11,使用条件の定義,C0313,設計部＞業務プロセス＞基本設計,SKILL_DEFAULT,0,通知しない,,,強調する,全メンバーに公開,"01_製造部 , 06_設計部 , 13_筑波サービスセンタ",すべてのプロジェクトで使用可能,,指定しない,,,,,,,,,,,,,,,,,,,,
C0313-12,機器構成の定義,C0313,設計部＞業務プロセス＞基本設計,SKILL_DEFAULT,0,通知しない,,,強調する,全メンバーに公開,"01_製造部 , 06_設計部 , 13_筑波サービスセンタ",すべてのプロジェクトで使用可能,,指定しない,,,,,,,,,,,,,,,,,,,,
C0313-13,主要部品の品番定義,C0313,設計部＞業務プロセス＞基本設計,SKILL_DEFAULT,0,通知しない,,,強調する,全メンバーに公開,"01_製造部 , 06_設計部 , 13_筑波サービスセンタ",すべてのプロジェクトで使用可能,,指定しない,,,,,,,,,,,,,,,,,,,,
C0313-14,操作方法の定義,C0313,設計部＞業務プロセス＞基本設計,SKILL_DEFAULT,0,通知しない,,,強調する,全メンバーに公開,"01_製造部 , 06_設計部 , 13_筑波サービスセンタ",すべてのプロジェクトで使用可能,,指定しない,,,,,,,,,,,,,,,,,,,,
C0313-15,制御方法の定義,C0313,設計部＞業務プロセス＞基本設計,SKILL_DEFAULT,0,通知しない,,,強調する,全メンバーに公開,"01_製造部 , 06_設計部 , 13_筑波サービスセンタ",すべてのプロジェクトで使用可能,,指定しない,,,,,,,,,,,,,,,,,,,,
C0313-16,注意事項の定義,C0313,設計部＞業務プロセス＞基本設計,SKILL_DEFAULT,0,通知しない,,,強調する,全メンバーに公開,"01_製造部 , 06_設計部 , 13_筑波サービスセンタ",すべてのプロジェクトで使用可能,,指定しない,,,,,,,,,,,,,,,,,,,,
C0314-1,組立図の作成,C0314,設計部＞業務プロセス＞詳細設計,SKILL_DEFAULT,0,通知しない,組立工程やユニット単位で、全部品の名称・品番・個数や組立に必要な指示内容・寸法公差、加工の寸法・公差を定め、組立図に表現できる。,,強調する,全メンバーに公開,"01_製造部 , 06_設計部 , 13_筑波サービスセンタ",すべてのプロジェクトで使用可能,04_機械設計_業務プロセス,指定しない,,,,,,,,,,,,,,,,,,,,
C0314-2,組立図の評価,C0314,設計部＞業務プロセス＞詳細設計,SKILL_DEFAULT,0,通知しない,技術的な知見や根拠、経験をもとに、他者の作成した組立図を評価し、実現性あるフィードバックができる。,,強調する,全メンバーに公開,"01_製造部 , 06_設計部 , 13_筑波サービスセンタ",すべてのプロジェクトで使用可能,04_機械設計_業務プロセス,指定しない,,,,,,,,,,,,,,,,,,,,
C0314-3,部品図の作成,C0314,設計部＞業務プロセス＞詳細設計,SKILL_DEFAULT,0,通知しない,部品名称や基準面、部品製作に必要なすべての寸法・公差、材料名・グレード、表面の粗さ、表面処理や熱処理方法を部品図に表現できる。,,強調する,全メンバーに公開,"01_製造部 , 06_設計部 , 13_筑波サービスセンタ",すべてのプロジェクトで使用可能,04_機械設計_業務プロセス,指定しない,,,,,,,,,,,,,,,,,,,,
C034-2,グループ安全規格の概要理解,C034,設計部＞基礎知識（安全規格）,SKILL_DEFAULT,0,通知しない,,,強調する,全メンバーに公開,"01_製造部 , 06_設計部 , 13_筑波サービスセンタ",すべてのプロジェクトで使用可能,05_機械設計_基礎知識・手法,指定しない,,,,,,,,,,,,,,,,,,,,
C0315-1,部品表(BOM)の作成,C0315,設計部＞業務プロセス＞試作・評価,SKILL_DEFAULT,0,通知しない,組立図・部品図をもとに製作品・購入品を網羅的に整理し、部品表（BOM）を作成できる。,,強調する,全メンバーに公開,"01_製造部 , 06_設計部 , 13_筑波サービスセンタ",すべてのプロジェクトで使用可能,04_機械設計_業務プロセス,指定しない,,,,,,,,,,,,,,,,,,,,
C0315-2,部品表(BOM)の評価,C0315,設計部＞業務プロセス＞試作・評価,SKILL_DEFAULT,0,通知しない,技術的な知見や根拠、経験をもとに、他者の作成した部品表（BOM）を評価し、実現性あるフィードバックができる。,,強調する,全メンバーに公開,"01_製造部 , 06_設計部 , 13_筑波サービスセンタ",すべてのプロジェクトで使用可能,04_機械設計_業務プロセス,指定しない,,,,,,,,,,,,,,,,,,,,
C0315-3,作業指示書の作成,C0315,設計部＞業務プロセス＞試作・評価,SKILL_DEFAULT,0,通知しない,組立図・部品図・部品表をもとに部品集荷時期や組立順序・日数、評価・動作確認等の日程を分解し、製品完成までの作業指示書を作成できる。,,強調する,全メンバーに公開,"01_製造部 , 06_設計部 , 13_筑波サービスセンタ",すべてのプロジェクトで使用可能,04_機械設計_業務プロセス,指定しない,,,,,,,,,,,,,,,,,,,,
C0315-4,部品手配の実行,C0315,設計部＞業務プロセス＞試作・評価,SKILL_DEFAULT,0,通知しない,部品表（BOM）の品番を手配できる。,,強調する,全メンバーに公開,"01_製造部 , 06_設計部 , 13_筑波サービスセンタ",すべてのプロジェクトで使用可能,04_機械設計_業務プロセス,指定しない,,,,,,,,,,,,,,,,,,,,
C0315-5,受入検査,C0315,設計部＞業務プロセス＞試作・評価,SKILL_DEFAULT,0,通知しない,手配した部品が図面通りの品質・形状・外観・寸法か検査し、不適合の有無を特定できる。,,強調する,全メンバーに公開,"01_製造部 , 06_設計部 , 13_筑波サービスセンタ",すべてのプロジェクトで使用可能,04_機械設計_業務プロセス,指定しない,,,,,,,,,,,,,,,,,,,,
C0315-6,部品手配の再実行,C0315,設計部＞業務プロセス＞試作・評価,SKILL_DEFAULT,0,通知しない,不適合部品の再手配を実行できる。,,強調する,全メンバーに公開,"01_製造部 , 06_設計部 , 13_筑波サービスセンタ",すべてのプロジェクトで使用可能,04_機械設計_業務プロセス,指定しない,,,,,,,,,,,,,,,,,,,,
C0315-7,組立,C0315,設計部＞業務プロセス＞試作・評価,SKILL_DEFAULT,0,通知しない,作業指示書をもとに、組立できる。,,強調する,全メンバーに公開,"01_製造部 , 06_設計部 , 13_筑波サービスセンタ",すべてのプロジェクトで使用可能,04_機械設計_業務プロセス,指定しない,,,,,,,,,,,,,,,,,,,,
C0315-8,長さの測定,C0315,設計部＞業務プロセス＞試作・評価,SKILL_DEFAULT,0,通知しない,モノサシ、ノギス、マイクロメーター、ハイトゲージ、ダイヤルゲージなどを用いて長さを測定できる。,,強調する,全メンバーに公開,"01_製造部 , 06_設計部 , 13_筑波サービスセンタ",すべてのプロジェクトで使用可能,04_機械設計_業務プロセス,指定しない,,,,,,,,,,,,,,,,,,,,
C0315-9,角度の測定,C0315,設計部＞業務プロセス＞試作・評価,SKILL_DEFAULT,0,通知しない,水準器、角度ブロックゲージ、サインバー、オートコリメータなどを用いて、角度を測定できる。,,強調する,全メンバーに公開,"01_製造部 , 06_設計部 , 13_筑波サービスセンタ",すべてのプロジェクトで使用可能,04_機械設計_業務プロセス,指定しない,,,,,,,,,,,,,,,,,,,,
C0315-10,寸法公差・形状の測定,C0315,設計部＞業務プロセス＞試作・評価,SKILL_DEFAULT,0,通知しない,スキマゲージ、ブロックゲージ、三次元測定器などを用いて、寸法公差・形状を測定できる。,,強調する,全メンバーに公開,"01_製造部 , 06_設計部 , 13_筑波サービスセンタ",すべてのプロジェクトで使用可能,04_機械設計_業務プロセス,指定しない,,,,,,,,,,,,,,,,,,,,
C0315-11,外観・表面の確認,C0315,設計部＞業務プロセス＞試作・評価,SKILL_DEFAULT,0,通知しない,目視、光学顕微鏡などを用いて、外観・表面を測定できる。,,強調する,全メンバーに公開,"01_製造部 , 06_設計部 , 13_筑波サービスセンタ",すべてのプロジェクトで使用可能,04_機械設計_業務プロセス,指定しない,,,,,,,,,,,,,,,,,,,,
C0315-12,試験片による評価,C0315,設計部＞業務プロセス＞試作・評価,SKILL_DEFAULT,0,通知しない,金属や樹脂等の試験片を作成し、機械特性（引っ張り、曲げ、圧縮、せん断、粘回強度、硬さなど）を万能試験機や硬度計で評価できる。,,強調する,全メンバーに公開,"01_製造部 , 06_設計部 , 13_筑波サービスセンタ",すべてのプロジェクトで使用可能,04_機械設計_業務プロセス,指定しない,,,,,,,,,,,,,,,,,,,,
C0315-13,デジタルプロトタイピングによる評価,C0315,設計部＞業務プロセス＞試作・評価,SKILL_DEFAULT,0,通知しない,3D CAD等を用いて、評価できる。,,強調する,全メンバーに公開,"01_製造部 , 06_設計部 , 13_筑波サービスセンタ",すべてのプロジェクトで使用可能,04_機械設計_業務プロセス,指定しない,,,,,,,,,,,,,,,,,,,,
C0315-14,実機評価,C0315,設計部＞業務プロセス＞試作・評価,SKILL_DEFAULT,0,通知しない,試作品を製作し、実機で耐久性を評価できる。,,強調する,全メンバーに公開,"01_製造部 , 06_設計部 , 13_筑波サービスセンタ",すべてのプロジェクトで使用可能,04_機械設計_業務プロセス,指定しない,,,,,,,,,,,,,,,,,,,,
C0316-1,DRの企画・運営,C0316,設計部＞業務プロセス＞デザインレビュー（DR）,SKILL_DEFAULT,0,通知しない,,,強調する,全メンバーに公開,"01_製造部 , 06_設計部 , 13_筑波サービスセンタ",すべてのプロジェクトで使用可能,04_機械設計_業務プロセス,指定しない,,,,,,,,,,,,,,,,,,,,
C0316-2,デザインレビュアー(品質),C0316,設計部＞業務プロセス＞デザインレビュー（DR）,SKILL_DEFAULT,0,通知しない,,,強調する,全メンバーに公開,"01_製造部 , 06_設計部 , 13_筑波サービスセンタ",すべてのプロジェクトで使用可能,04_機械設計_業務プロセス,指定しない,,,,,,,,,,,,,,,,,,,,
C0316-3,デザインレビュアー(製造),C0316,設計部＞業務プロセス＞デザインレビュー（DR）,SKILL_DEFAULT,0,通知しない,,,強調する,全メンバーに公開,"01_製造部 , 06_設計部 , 13_筑波サービスセンタ",すべてのプロジェクトで使用可能,04_機械設計_業務プロセス,指定しない,,,,,,,,,,,,,,,,,,,,
C032-1,材料力学の基礎,C032,設計部＞基礎知識（工学）,SKILL_DEFAULT,0,通知しない,材料に発生する応力や変位の値を求めるための基礎的な知識を有している。,,強調する,全メンバーに公開,"01_製造部 , 06_設計部 , 13_筑波サービスセンタ",すべてのプロジェクトで使用可能,05_機械設計_基礎知識・手法,指定しない,,,,,,,,,,,,,,,,,,,,
C032-2,機械力学・制御の基礎,C032,設計部＞基礎知識（工学）,SKILL_DEFAULT,0,通知しない,,,強調する,全メンバーに公開,"01_製造部 , 06_設計部 , 13_筑波サービスセンタ",すべてのプロジェクトで使用可能,05_機械設計_基礎知識・手法,指定しない,,,,,,,,,,,,,,,,,,,,
C032-3,流体工学の基礎,C032,設計部＞基礎知識（工学）,SKILL_DEFAULT,0,通知しない,,,強調する,全メンバーに公開,"01_製造部 , 06_設計部 , 13_筑波サービスセンタ",すべてのプロジェクトで使用可能,05_機械設計_基礎知識・手法,指定しない,,,,,,,,,,,,,,,,,,,,
C032-4,熱工学の基礎,C032,設計部＞基礎知識（工学）,SKILL_DEFAULT,0,通知しない,,,強調する,全メンバーに公開,"01_製造部 , 06_設計部 , 13_筑波サービスセンタ",すべてのプロジェクトで使用可能,05_機械設計_基礎知識・手法,指定しない,,,,,,,,,,,,,,,,,,,,
C032-5,機械材料・工業素材の基礎,C032,設計部＞基礎知識（工学）,SKILL_DEFAULT,0,通知しない,,,強調する,全メンバーに公開,"01_製造部 , 06_設計部 , 13_筑波サービスセンタ",すべてのプロジェクトで使用可能,05_機械設計_基礎知識・手法,指定しない,,,,,,,,,,,,,,,,,,,,
C032-6,金属の基礎,C032,設計部＞基礎知識（工学）,SKILL_DEFAULT,0,通知しない,機械的/電気的/熱/環境/加工/コスト/その他の要素で材料を評価するための基礎的な知識を有している。,,強調する,全メンバーに公開,"01_製造部 , 06_設計部 , 13_筑波サービスセンタ",すべてのプロジェクトで使用可能,,指定しない,,,,,,,,,,,,,,,,,,,,
C032-7,有機材料の基礎,C032,設計部＞基礎知識（工学）,SKILL_DEFAULT,0,通知しない,機械的/電気的/熱/環境/加工/コスト/その他の要素で材料を評価するための基礎的な知識を有している。,,強調する,全メンバーに公開,"01_製造部 , 06_設計部 , 13_筑波サービスセンタ",すべてのプロジェクトで使用可能,,指定しない,,,,,,,,,,,,,,,,,,,,
C032-8,無機材料の基礎,C032,設計部＞基礎知識（工学）,SKILL_DEFAULT,0,通知しない,機械的/電気的/熱/環境/加工/コスト/その他の要素で材料を評価するための基礎的な知識を有している。,,強調する,全メンバーに公開,"01_製造部 , 06_設計部 , 13_筑波サービスセンタ",すべてのプロジェクトで使用可能,,指定しない,,,,,,,,,,,,,,,,,,,,
C032-9,複合材料の基礎,C032,設計部＞基礎知識（工学）,SKILL_DEFAULT,0,通知しない,機械的/電気的/熱/環境/加工/コスト/その他の要素で材料を評価するための基礎的な知識を有している。,,強調する,全メンバーに公開,"01_製造部 , 06_設計部 , 13_筑波サービスセンタ",すべてのプロジェクトで使用可能,,指定しない,,,,,,,,,,,,,,,,,,,,
C032-10,表面処理の基礎,C032,設計部＞基礎知識（工学）,SKILL_DEFAULT,0,通知しない,,,強調する,全メンバーに公開,"01_製造部 , 06_設計部 , 13_筑波サービスセンタ",すべてのプロジェクトで使用可能,,指定しない,,,,,,,,,,,,,,,,,,,,
C032-11,熱処理の基礎,C032,設計部＞基礎知識（工学）,SKILL_DEFAULT,0,通知しない,,,強調する,全メンバーに公開,"01_製造部 , 06_設計部 , 13_筑波サービスセンタ",すべてのプロジェクトで使用可能,,指定しない,,,,,,,,,,,,,,,,,,,,
C032-12,加工・工作法の基礎,C032,設計部＞基礎知識（工学）,SKILL_DEFAULT,0,通知しない,,,強調する,全メンバーに公開,"01_製造部 , 06_設計部 , 13_筑波サービスセンタ",すべてのプロジェクトで使用可能,,指定しない,,,,,,,,,,,,,,,,,,,,
C032-13,熱処理の基礎,C032,設計部＞基礎知識（工学）,SKILL_DEFAULT,0,通知しない,,,強調する,全メンバーに公開,"01_製造部 , 06_設計部 , 13_筑波サービスセンタ",すべてのプロジェクトで使用可能,,指定しない,,,,,,,,,,,,,,,,,,,,
C032-14,電気工学の基礎,C032,設計部＞基礎知識（工学）,SKILL_DEFAULT,0,通知しない,,,強調する,全メンバーに公開,"01_製造部 , 06_設計部 , 13_筑波サービスセンタ",すべてのプロジェクトで使用可能,,指定しない,,,,,,,,,,,,,,,,,,,,
C032-15,電子工学の基礎,C032,設計部＞基礎知識（工学）,SKILL_DEFAULT,0,通知しない,,,強調する,全メンバーに公開,"01_製造部 , 06_設計部 , 13_筑波サービスセンタ",すべてのプロジェクトで使用可能,,指定しない,,,,,,,,,,,,,,,,,,,,
C033-1,国際単位系(SI)の基礎理解,C033,設計部＞基礎知識（工業規格）,SKILL_DEFAULT,0,通知しない,,,強調する,全メンバーに公開,"01_製造部 , 06_設計部 , 13_筑波サービスセンタ",すべてのプロジェクトで使用可能,05_機械設計_基礎知識・手法,指定しない,,,,,,,,,,,,,,,,,,,,
C033-2,JISの概要理解,C033,設計部＞基礎知識（工業規格）,SKILL_DEFAULT,0,通知しない,,,強調する,全メンバーに公開,"01_製造部 , 06_設計部 , 13_筑波サービスセンタ",すべてのプロジェクトで使用可能,05_機械設計_基礎知識・手法,指定しない,,,,,,,,,,,,,,,,,,,,
C033-3,ISOの概要理解,C033,設計部＞基礎知識（工業規格）,SKILL_DEFAULT,0,通知しない,,,強調する,全メンバーに公開,"01_製造部 , 06_設計部 , 13_筑波サービスセンタ",すべてのプロジェクトで使用可能,05_機械設計_基礎知識・手法,指定しない,,,,,,,,,,,,,,,,,,,,
C034-1,基本安全規格の概要理解,C034,設計部＞基礎知識（安全規格）,SKILL_DEFAULT,0,通知しない,,,強調する,全メンバーに公開,"01_製造部 , 06_設計部 , 13_筑波サービスセンタ",すべてのプロジェクトで使用可能,05_機械設計_基礎知識・手法,指定しない,,,,,,,,,,,,,,,,,,,,
C034-3,個別機械安全規格の概要理解,C034,設計部＞基礎知識（安全規格）,SKILL_DEFAULT,0,通知しない,,,強調する,全メンバーに公開,"01_製造部 , 06_設計部 , 13_筑波サービスセンタ",すべてのプロジェクトで使用可能,05_機械設計_基礎知識・手法,指定しない,,,,,,,,,,,,,,,,,,,,
C034-4,RoHS指令の概要理解,C034,設計部＞基礎知識（安全規格）,SKILL_DEFAULT,0,通知しない,,,強調する,全メンバーに公開,"01_製造部 , 06_設計部 , 13_筑波サービスセンタ",すべてのプロジェクトで使用可能,05_機械設計_基礎知識・手法,指定しない,,,,,,,,,,,,,,,,,,,,
C035-1,製図,C035,設計部＞基礎スキル,SKILL_DEFAULT,0,通知しない,,,強調する,全メンバーに公開,"01_製造部 , 06_設計部 , 13_筑波サービスセンタ",すべてのプロジェクトで使用可能,05_機械設計_基礎知識・手法,指定しない,,,,,,,,,,,,,,,,,,,,
C035-2,寸法記入,C035,設計部＞基礎スキル,SKILL_DEFAULT,0,通知しない,,,強調する,全メンバーに公開,"01_製造部 , 06_設計部 , 13_筑波サービスセンタ",すべてのプロジェクトで使用可能,05_機械設計_基礎知識・手法,指定しない,,,,,,,,,,,,,,,,,,,,
C035-3,公差・はめあい,C035,設計部＞基礎スキル,SKILL_DEFAULT,0,通知しない,,,強調する,全メンバーに公開,"01_製造部 , 06_設計部 , 13_筑波サービスセンタ",すべてのプロジェクトで使用可能,05_機械設計_基礎知識・手法,指定しない,,,,,,,,,,,,,,,,,,,,
C035-4,表面粗さ,C035,設計部＞基礎スキル,SKILL_DEFAULT,0,通知しない,,,強調する,全メンバーに公開,"01_製造部 , 06_設計部 , 13_筑波サービスセンタ",すべてのプロジェクトで使用可能,05_機械設計_基礎知識・手法,指定しない,,,,,,,,,,,,,,,,,,,,
C035-5,幾何公差,C035,設計部＞基礎スキル,SKILL_DEFAULT,0,通知しない,,,強調する,全メンバーに公開,"01_製造部 , 06_設計部 , 13_筑波サービスセンタ",すべてのプロジェクトで使用可能,05_機械設計_基礎知識・手法,指定しない,,,,,,,,,,,,,,,,,,,,
C035-6,図面管理,C035,設計部＞基礎スキル,SKILL_DEFAULT,0,通知しない,,,強調する,全メンバーに公開,"01_製造部 , 06_設計部 , 13_筑波サービスセンタ",すべてのプロジェクトで使用可能,05_機械設計_基礎知識・手法,指定しない,,,,,,,,,,,,,,,,,,,,
C035-7,検図,C035,設計部＞基礎スキル,SKILL_DEFAULT,0,通知しない,,,強調する,全メンバーに公開,"01_製造部 , 06_設計部 , 13_筑波サービスセンタ",すべてのプロジェクトで使用可能,05_機械設計_基礎知識・手法,指定しない,,,,,,,,,,,,,,,,,,,,
C036-1,ねじ・ボルト・ナットの基礎知識,C036,設計部＞機械要素基礎,SKILL_DEFAULT,0,通知しない,,,強調する,全メンバーに公開,"01_製造部 , 06_設計部 , 13_筑波サービスセンタ",すべてのプロジェクトで使用可能,05_機械設計_基礎知識・手法,指定しない,,,,,,,,,,,,,,,,,,,,
C036-2,ばねの基礎知識,C036,設計部＞機械要素基礎,SKILL_DEFAULT,0,通知しない,,,強調する,全メンバーに公開,"01_製造部 , 06_設計部 , 13_筑波サービスセンタ",すべてのプロジェクトで使用可能,05_機械設計_基礎知識・手法,指定しない,,,,,,,,,,,,,,,,,,,,
C036-3,軸の基礎知識,C036,設計部＞機械要素基礎,SKILL_DEFAULT,0,通知しない,,,強調する,全メンバーに公開,"01_製造部 , 06_設計部 , 13_筑波サービスセンタ",すべてのプロジェクトで使用可能,05_機械設計_基礎知識・手法,指定しない,,,,,,,,,,,,,,,,,,,,
C036-4,軸受の基礎知識,C036,設計部＞機械要素基礎,SKILL_DEFAULT,0,通知しない,,,強調する,全メンバーに公開,"01_製造部 , 06_設計部 , 13_筑波サービスセンタ",すべてのプロジェクトで使用可能,05_機械設計_基礎知識・手法,指定しない,,,,,,,,,,,,,,,,,,,,
C036-5,キー/スプライン/セレーションの基礎知識,C036,設計部＞機械要素基礎,SKILL_DEFAULT,0,通知しない,,,強調する,全メンバーに公開,"01_製造部 , 06_設計部 , 13_筑波サービスセンタ",すべてのプロジェクトで使用可能,05_機械設計_基礎知識・手法,指定しない,,,,,,,,,,,,,,,,,,,,
C036-6,シールの基礎知識,C036,設計部＞機械要素基礎,SKILL_DEFAULT,0,通知しない,,,強調する,全メンバーに公開,"01_製造部 , 06_設計部 , 13_筑波サービスセンタ",すべてのプロジェクトで使用可能,05_機械設計_基礎知識・手法,指定しない,,,,,,,,,,,,,,,,,,,,
C036-7,ピン・リベット・止め輪の基礎知識,C036,設計部＞機械要素基礎,SKILL_DEFAULT,0,通知しない,,,強調する,全メンバーに公開,"01_製造部 , 06_設計部 , 13_筑波サービスセンタ",すべてのプロジェクトで使用可能,05_機械設計_基礎知識・手法,指定しない,,,,,,,,,,,,,,,,,,,,
C036-8,歯車・スプロケットの基礎知識,C036,設計部＞機械要素基礎,SKILL_DEFAULT,0,通知しない,,,強調する,全メンバーに公開,"01_製造部 , 06_設計部 , 13_筑波サービスセンタ",すべてのプロジェクトで使用可能,05_機械設計_基礎知識・手法,指定しない,,,,,,,,,,,,,,,,,,,,
C036-9,ベルト・チェーン・プーリの基礎知識,C036,設計部＞機械要素基礎,SKILL_DEFAULT,0,通知しない,,,強調する,全メンバーに公開,"01_製造部 , 06_設計部 , 13_筑波サービスセンタ",すべてのプロジェクトで使用可能,05_機械設計_基礎知識・手法,指定しない,,,,,,,,,,,,,,,,,,,,
C036-10,管・継ぎ手の基礎知識,C036,設計部＞機械要素基礎,SKILL_DEFAULT,0,通知しない,,,強調する,全メンバーに公開,"01_製造部 , 06_設計部 , 13_筑波サービスセンタ",すべてのプロジェクトで使用可能,05_機械設計_基礎知識・手法,指定しない,,,,,,,,,,,,,,,,,,,,
C036-11,カップリングの基礎知識,C036,設計部＞機械要素基礎,SKILL_DEFAULT,0,通知しない,,,強調する,全メンバーに公開,"01_製造部 , 06_設計部 , 13_筑波サービスセンタ",すべてのプロジェクトで使用可能,05_機械設計_基礎知識・手法,指定しない,,,,,,,,,,,,,,,,,,,,
C036-12,ボールねじ・ガイドの基礎知識,C036,設計部＞機械要素基礎,SKILL_DEFAULT,0,通知しない,,,強調する,全メンバーに公開,"01_製造部 , 06_設計部 , 13_筑波サービスセンタ",すべてのプロジェクトで使用可能,05_機械設計_基礎知識・手法,指定しない,,,,,,,,,,,,,,,,,,,,
C036-13,クラッチの基礎知識,C036,設計部＞機械要素基礎,SKILL_DEFAULT,0,通知しない,,,強調する,全メンバーに公開,"01_製造部 , 06_設計部 , 13_筑波サービスセンタ",すべてのプロジェクトで使用可能,05_機械設計_基礎知識・手法,指定しない,,,,,,,,,,,,,,,,,,,,
C036-14,ブレーキ・レバーの基礎知識,C036,設計部＞機械要素基礎,SKILL_DEFAULT,0,通知しない,,,強調する,全メンバーに公開,"01_製造部 , 06_設計部 , 13_筑波サービスセンタ",すべてのプロジェクトで使用可能,05_機械設計_基礎知識・手法,指定しない,,,,,,,,,,,,,,,,,,,,
C036-15,弁の基礎知識,C036,設計部＞機械要素基礎,SKILL_DEFAULT,0,通知しない,,,強調する,全メンバーに公開,"01_製造部 , 06_設計部 , 13_筑波サービスセンタ",すべてのプロジェクトで使用可能,05_機械設計_基礎知識・手法,指定しない,,,,,,,,,,,,,,,,,,,,
C036-16,ノズルの基礎知識,C036,設計部＞機械要素基礎,SKILL_DEFAULT,0,通知しない,,,強調する,全メンバーに公開,"01_製造部 , 06_設計部 , 13_筑波サービスセンタ",すべてのプロジェクトで使用可能,05_機械設計_基礎知識・手法,指定しない,,,,,,,,,,,,,,,,,,,,
C036-17,カムの基礎知識,C036,設計部＞機械要素基礎,SKILL_DEFAULT,0,通知しない,,,強調する,全メンバーに公開,"01_製造部 , 06_設計部 , 13_筑波サービスセンタ",すべてのプロジェクトで使用可能,05_機械設計_基礎知識・手法,指定しない,,,,,,,,,,,,,,,,,,,,
C036-18,リンクの基礎知識,C036,設計部＞機械要素基礎,SKILL_DEFAULT,0,通知しない,,,強調する,全メンバーに公開,"01_製造部 , 06_設計部 , 13_筑波サービスセンタ",すべてのプロジェクトで使用可能,05_機械設計_基礎知識・手法,指定しない,,,,,,,,,,,,,,,,,,,,
C036-19,ポンプの基礎知識,C036,設計部＞機械要素基礎,SKILL_DEFAULT,0,通知しない,,,強調する,全メンバーに公開,"01_製造部 , 06_設計部 , 13_筑波サービスセンタ",すべてのプロジェクトで使用可能,05_機械設計_基礎知識・手法,指定しない,,,,,,,,,,,,,,,,,,,,
C037-1,位置・変位センサの基礎知識,C037,設計部＞メカトロ部品基礎,SKILL_DEFAULT,0,通知しない,,,強調する,全メンバーに公開,"01_製造部 , 06_設計部 , 13_筑波サービスセンタ",すべてのプロジェクトで使用可能,05_機械設計_基礎知識・手法,指定しない,,,,,,,,,,,,,,,,,,,,
C037-2,速度・加速度センサの基礎知識,C037,設計部＞メカトロ部品基礎,SKILL_DEFAULT,0,通知しない,,,強調する,全メンバーに公開,"01_製造部 , 06_設計部 , 13_筑波サービスセンタ",すべてのプロジェクトで使用可能,05_機械設計_基礎知識・手法,指定しない,,,,,,,,,,,,,,,,,,,,
C037-3,力センサの基礎知識,C037,設計部＞メカトロ部品基礎,SKILL_DEFAULT,0,通知しない,,,強調する,全メンバーに公開,"01_製造部 , 06_設計部 , 13_筑波サービスセンタ",すべてのプロジェクトで使用可能,05_機械設計_基礎知識・手法,指定しない,,,,,,,,,,,,,,,,,,,,
C037-4,DCモーターの基礎知識,C037,設計部＞メカトロ部品基礎,SKILL_DEFAULT,0,通知しない,,,強調する,全メンバーに公開,"01_製造部 , 06_設計部 , 13_筑波サービスセンタ",すべてのプロジェクトで使用可能,05_機械設計_基礎知識・手法,指定しない,,,,,,,,,,,,,,,,,,,,
C037-5,サーボモーターの基礎知識,C037,設計部＞メカトロ部品基礎,SKILL_DEFAULT,0,通知しない,,,強調する,全メンバーに公開,"01_製造部 , 06_設計部 , 13_筑波サービスセンタ",すべてのプロジェクトで使用可能,05_機械設計_基礎知識・手法,指定しない,,,,,,,,,,,,,,,,,,,,
C037-6,ステッピングモーターの基礎知識,C037,設計部＞メカトロ部品基礎,SKILL_DEFAULT,0,通知しない,,,強調する,全メンバーに公開,"01_製造部 , 06_設計部 , 13_筑波サービスセンタ",すべてのプロジェクトで使用可能,05_機械設計_基礎知識・手法,指定しない,,,,,,,,,,,,,,,,,,,,
C037-7,モータードライバーの基礎知識,C037,設計部＞メカトロ部品基礎,SKILL_DEFAULT,0,通知しない,,,強調する,全メンバーに公開,"01_製造部 , 06_設計部 , 13_筑波サービスセンタ",すべてのプロジェクトで使用可能,05_機械設計_基礎知識・手法,指定しない,,,,,,,,,,,,,,,,,,,,
C037-8,空圧シリンダの基礎知識,C037,設計部＞メカトロ部品基礎,SKILL_DEFAULT,0,通知しない,,,強調する,全メンバーに公開,"01_製造部 , 06_設計部 , 13_筑波サービスセンタ",すべてのプロジェクトで使用可能,05_機械設計_基礎知識・手法,指定しない,,,,,,,,,,,,,,,,,,,,
C037-9,油圧シリンダの基礎知識,C037,設計部＞メカトロ部品基礎,SKILL_DEFAULT,0,通知しない,,,強調する,全メンバーに公開,"01_製造部 , 06_設計部 , 13_筑波サービスセンタ",すべてのプロジェクトで使用可能,05_機械設計_基礎知識・手法,指定しない,,,,,,,,,,,,,,,,,,,,
C038-1,CE,C038,設計部＞手法,SKILL_DEFAULT,0,通知しない,,,強調する,全メンバーに公開,"01_製造部 , 06_設計部 , 13_筑波サービスセンタ",すべてのプロジェクトで使用可能,05_機械設計_基礎知識・手法,指定しない,,,,,,,,,,,,,,,,,,,,
C038-2,VA/VE,C038,設計部＞手法,SKILL_DEFAULT,0,通知しない,,,強調する,全メンバーに公開,"01_製造部 , 06_設計部 , 13_筑波サービスセンタ",すべてのプロジェクトで使用可能,05_機械設計_基礎知識・手法,指定しない,,,,,,,,,,,,,,,,,,,,
C038-3,FMEA・FTA,C038,設計部＞手法,SKILL_DEFAULT,0,通知しない,,,強調する,全メンバーに公開,"01_製造部 , 06_設計部 , 13_筑波サービスセンタ",すべてのプロジェクトで使用可能,05_機械設計_基礎知識・手法,指定しない,,,,,,,,,,,,,,,,,,,,
nintei-s0,設備A取扱,O026,製造部＞社内認定資格,SKILL_DEFAULT,0,通知しない,,,強調する,全メンバーに公開,"31_B機器 , 30_A機器 , 01_製造部 , 06_設計部 , 13_筑波サービスセンタ",すべてのプロジェクトで使用可能,"01.テスト , 00 力量マップ",指定する,期間を指定,2,0,,,自動計算する,手動修正しない,,,,,,,,,,,,閲覧のみ,登録と承認申請両方
nintei-s1,設備Aメンテナンス,O026,製造部＞社内認定資格,SKILL_DEFAULT,0,通知しない,,,強調する,全メンバーに公開,"31_B機器 , 30_A機器 , 01_製造部 , 06_設計部 , 13_筑波サービスセンタ",すべてのプロジェクトで使用可能,"01.テスト , 00 力量マップ",指定しない,,,,,,,,,,,,,,,,,,,,
nintei-s2,設備A不具合対応,O026,製造部＞社内認定資格,SKILL_DEFAULT,0,通知しない,,,強調する,全メンバーに公開,"31_B機器 , 30_A機器 , 01_製造部 , 06_設計部 , 13_筑波サービスセンタ",すべてのプロジェクトで使用可能,"01.テスト , 00 力量マップ",指定しない,,,,,,,,,,,,,,,,,,,,
nintei-s3,設備B取扱,O026,製造部＞社内認定資格,SKILL_DEFAULT,0,通知しない,,,強調する,全メンバーに公開,"31_B機器 , 30_A機器 , 01_製造部 , 06_設計部 , 13_筑波サービスセンタ",すべてのプロジェクトで使用可能,"01.テスト , 00 力量マップ",指定しない,,,,,,,,,,,,,,,,,,,,
nintei-s4,設備Bメンテナンス,O026,製造部＞社内認定資格,SKILL_DEFAULT,0,通知しない,,,強調する,全メンバーに公開,"31_B機器 , 30_A機器 , 01_製造部 , 06_設計部 , 13_筑波サービスセンタ",すべてのプロジェクトで使用可能,"01.テスト , 00 力量マップ",指定しない,,,,,,,,,,,,,,,,,,,,
nintei-s5,設備B不具合対応,O026,製造部＞社内認定資格,SKILL_DEFAULT,0,通知しない,,,強調する,全メンバーに公開,"31_B機器 , 30_A機器 , 01_製造部 , 06_設計部 , 13_筑波サービスセンタ",すべてのプロジェクトで使用可能,"01.テスト , 00 力量マップ",指定しない,,,,,,,,,,,,,,,,,,,,
nintei-s6,設備C取扱,O026,製造部＞社内認定資格,SKILL_DEFAULT,0,通知しない,,,強調する,全メンバーに公開,"31_B機器 , 30_A機器 , 01_製造部 , 06_設計部 , 13_筑波サービスセンタ",すべてのプロジェクトで使用可能,"01.テスト , 00 力量マップ",指定しない,,,,,,,,,,,,,,,,,,,,
nintei-s7,設備Cメンテナンス,O026,製造部＞社内認定資格,SKILL_DEFAULT,0,通知しない,,,強調する,全メンバーに公開,"31_B機器 , 30_A機器 , 01_製造部 , 06_設計部 , 13_筑波サービスセンタ",すべてのプロジェクトで使用可能,"01.テスト , 00 力量マップ",指定しない,,,,,,,,,,,,,,,,,,,,
nintei-s8,設備C不具合対応,O026,製造部＞社内認定資格,SKILL_DEFAULT,0,通知しない,,,強調する,全メンバーに公開,"31_B機器 , 30_A機器 , 01_製造部 , 06_設計部 , 13_筑波サービスセンタ",すべてのプロジェクトで使用可能,"01.テスト , 00 力量マップ",指定しない,,,,,,,,,,,,,,,,,,,,
nintei-s9,設備D取扱,O026,製造部＞社内認定資格,SKILL_DEFAULT,0,通知しない,,,強調する,全メンバーに公開,"31_B機器 , 30_A機器 , 01_製造部 , 06_設計部 , 13_筑波サービスセンタ",すべてのプロジェクトで使用可能,"01.テスト , 00 力量マップ",指定しない,,,,,,,,,,,,,,,,,,,,
nintei-s10,設備Dメンテナンス,O026,製造部＞社内認定資格,SKILL_DEFAULT,0,通知しない,,,強調する,全メンバーに公開,"31_B機器 , 30_A機器 , 01_製造部 , 06_設計部 , 13_筑波サービスセンタ",すべてのプロジェクトで使用可能,"01.テスト , 00 力量マップ",指定しない,,,,,,,,,,,,,,,,,,,,
nintei-s11,設備D不具合対応,O026,製造部＞社内認定資格,SKILL_DEFAULT,0,通知しない,,,強調する,全メンバーに公開,"31_B機器 , 30_A機器 , 01_製造部 , 06_設計部 , 13_筑波サービスセンタ",すべてのプロジェクトで使用可能,"01.テスト , 00 力量マップ",指定しない,,,,,,,,,,,,,,,,,,,,
nintei-s12,設備E取扱,O026,製造部＞社内認定資格,SKILL_DEFAULT,0,通知しない,,,強調する,全メンバーに公開,"31_B機器 , 30_A機器 , 01_製造部 , 06_設計部 , 13_筑波サービスセンタ",すべてのプロジェクトで使用可能,"01.テスト , 00 力量マップ",指定しない,,,,,,,,,,,,,,,,,,,,
nintei-s13,設備Eメンテナンス,O026,製造部＞社内認定資格,SKILL_DEFAULT,0,通知しない,,,強調する,全メンバーに公開,"31_B機器 , 30_A機器 , 01_製造部 , 06_設計部 , 13_筑波サービスセンタ",すべてのプロジェクトで使用可能,"01.テスト , 00 力量マップ",指定しない,,,,,,,,,,,,,,,,,,,,
nintei-s14,設備E不具合対応,O026,製造部＞社内認定資格,SKILL_DEFAULT,0,通知しない,,,強調する,全メンバーに公開,"31_B機器 , 30_A機器 , 01_製造部 , 06_設計部 , 13_筑波サービスセンタ",すべてのプロジェクトで使用可能,"01.テスト , 00 力量マップ",指定しない,,,,,,,,,,,,,,,,,,,,
seizoubu1,図面の読み取り,O021,製造部＞製造部共通力量,SKILL_DEFAULT,0,通知しない,"レベル1：～～～～～～～～～～～～～
レベル2：～～～～～～～～～～～～～
レベル3：～～～～～～～～～～～～～
レベル4：～～～～～～～～～～～～～

○○の図面を表す",https://www.chusanren.or.jp/sc/sdata/1013,強調する,全メンバーに公開,"31_B機器 , 30_A機器 , 01_製造部 , 06_設計部 , 13_筑波サービスセンタ",すべてのプロジェクトで使用可能,"01_加工課力量マップ , 01.テスト , 00 力量マップ",指定しない,,,,,,,,,,,,,,,,,,,閲覧のみ,登録と承認申請両方
seizoubu2,測定器の取扱い,O021,製造部＞製造部共通力量,SKILL_DEFAULT,0,通知しない,,,強調する,全メンバーに公開,"31_B機器 , 30_A機器 , 01_製造部 , 06_設計部 , 13_筑波サービスセンタ",すべてのプロジェクトで使用可能,"01_加工課力量マップ , 01_製造部_力量マップ , 01.テスト , 00 力量マップ",指定しない,,,,,,,,,,,,,,,,,,,,
seizoubu3,製品理解,O021,製造部＞製造部共通力量,SKILL_DEFAULT,0,通知しない,,,強調する,全メンバーに公開,"31_B機器 , 30_A機器 , 01_製造部 , 06_設計部 , 13_筑波サービスセンタ",すべてのプロジェクトで使用可能,"01_加工課力量マップ , 01_製造部_力量マップ , 01.テスト , 00 力量マップ",指定しない,,,,,,,,,,,,,,,,,,,,
kakou1,素材切断,O022,製造部＞加工課,SKILL_DEFAULT,30,通知しない,"【評価基準】※2024年6月25日更新
1：マニュアルを見ながら、工作機械Aにパラメータ入力し、上司のサポートを受けながら作業をすることができる
2：マニュアル無しで一人で作業ができる
3：品質と安全に配慮しながら、メンバーに手順に沿った作業工程完了までを指導することができる
4：勤務シフトの調整、増産や減産など事業状況に応じた要員計画を策定することができる

【評価時のポイント】
・工作機械を使用する前に安全対策を行っているか
・工作機械のメンテナンス期限を確認しているか
・工作機械を扱う際に、仕様書に合わせたパラメータを入力できているか",,強調する,全メンバーに公開,"31_B機器 , 30_A機器 , 01_製造部 , 06_設計部 , 13_筑波サービスセンタ",すべてのプロジェクトで使用可能,"01_加工課力量マップ , 01_製造部_力量マップ , 01.テスト , 00 力量マップ",指定しない,,,,,,,,"【評価基準】※2024年6月25日更新
1：マニュアルを見ながら、工作機械Aにパラメータ入力し、上司のサポートを受けながら作業をすることができる
2：マニュアル無しで一人で作業ができる
3：品質と安全に配慮しながら、メンバーに手順に沿った作業工程完了までを指導することができる
4：勤務シフトの調整、増産や減産など事業状況に応じた要員計画を策定することができる

【評価時のポイント】
・工作機械を使用する前に安全対策を行っているか
・工作機械のメンテナンス期限を確認しているか
・工作機械を扱う際に、仕様書に合わせたパラメータを入力できているか",,社内,,,,,,,,,閲覧のみ,登録と承認申請両方
kakou2,荒加工,O022,製造部＞加工課,SKILL_DEFAULT,0,通知しない,,,強調する,全メンバーに公開,"31_B機器 , 30_A機器 , 01_製造部 , 06_設計部 , 13_筑波サービスセンタ",すべてのプロジェクトで使用可能,"01_加工課力量マップ , 01_製造部_力量マップ , 01.テスト , 00 力量マップ",指定しない,,,,,,,,,,,,,,,,,,,,
kakou3,追加工,O022,製造部＞加工課,SKILL_DEFAULT,0,通知しない,,,強調する,全メンバーに公開,"31_B機器 , 30_A機器 , 01_製造部 , 06_設計部 , 13_筑波サービスセンタ",すべてのプロジェクトで使用可能,"01_加工課力量マップ , 01_製造部_力量マップ , 01.テスト , 00 力量マップ",指定しない,,,,,,,,,,,,,,,,,,,,
kakou4,外面研削,O022,製造部＞加工課,SKILL_DEFAULT,0,通知しない,,,強調する,全メンバーに公開,"31_B機器 , 30_A機器 , 01_製造部 , 06_設計部 , 13_筑波サービスセンタ",すべてのプロジェクトで使用可能,"01_加工課力量マップ , 01_製造部_力量マップ , 01.テスト , 00 力量マップ",指定しない,,,,,,,,,,,,,,,,,,,,
kakou5,平削り,O022,製造部＞加工課,SKILL_DEFAULT,0,通知しない,,,強調する,全メンバーに公開,"31_B機器 , 30_A機器 , 01_製造部 , 06_設計部 , 13_筑波サービスセンタ",すべてのプロジェクトで使用可能,"01_加工課力量マップ , 01_製造部_力量マップ , 01.テスト , 00 力量マップ",指定しない,,,,,,,,,,,,,,,,,,,,
kakou6,研磨,O022,製造部＞加工課,SKILL_DEFAULT,0,通知しない,,,強調する,全メンバーに公開,"31_B機器 , 30_A機器 , 01_製造部 , 06_設計部 , 13_筑波サービスセンタ",すべてのプロジェクトで使用可能,"01_加工課力量マップ , 01_製造部_力量マップ , 01.テスト , 00 力量マップ",指定しない,,,,,,,,,,,,,,,,,,,,
kakou7,特殊品加工,O022,製造部＞加工課,SKILL_DEFAULT,0,通知しない,,,強調する,全メンバーに公開,"31_B機器 , 30_A機器 , 01_製造部 , 06_設計部 , 13_筑波サービスセンタ",すべてのプロジェクトで使用可能,"01_加工課力量マップ , 01_製造部_力量マップ , 01.テスト , 00 力量マップ",指定しない,,,,,,,,,,,,,,,,,,,閲覧のみ,登録と承認申請両方
kakou8,加工プログラム作成,O022,製造部＞加工課,SKILL_DEFAULT,0,通知しない,,,強調する,全メンバーに公開,"31_B機器 , 30_A機器 , 01_製造部 , 06_設計部 , 13_筑波サービスセンタ",すべてのプロジェクトで使用可能,"01.テスト , 00 力量マップ",指定しない,,,,,,,,,,,,,,,,,,,,
kakou9,砥石交換,O022,製造部＞加工課,SKILL_DEFAULT,0,通知しない,,,強調する,全メンバーに公開,"31_B機器 , 30_A機器 , 01_製造部 , 06_設計部 , 13_筑波サービスセンタ",すべてのプロジェクトで使用可能,"01_加工課力量マップ , 01_製造部_力量マップ , 01.テスト , 00 力量マップ",指定しない,,,,,,,,,,,,,,,,,,,閲覧のみ,登録と承認申請両方
kumitate1,型番変更,O023,製造部＞組立課,SKILL_DEFAULT,0,通知しない,,,強調する,全メンバーに公開,"31_B機器 , 30_A機器 , 01_製造部 , 06_設計部 , 13_筑波サービスセンタ",すべてのプロジェクトで使用可能,"01_製造部_力量マップ , 01.テスト , 00 力量マップ",指定しない,,,,,,,,,,,,,,,,,,,,
kumitate2,ワーク脱着,O023,製造部＞組立課,SKILL_DEFAULT,0,通知しない,,,強調する,全メンバーに公開,"31_B機器 , 30_A機器 , 01_製造部 , 06_設計部 , 13_筑波サービスセンタ",すべてのプロジェクトで使用可能,"01_製造部_力量マップ , 01.テスト , 00 力量マップ",指定しない,,,,,,,,,,,,,,,,,,,,
kumitate3,部材取付け,O023,製造部＞組立課,SKILL_DEFAULT,0,通知しない,,,強調する,全メンバーに公開,"31_B機器 , 30_A機器 , 01_製造部 , 06_設計部 , 13_筑波サービスセンタ",すべてのプロジェクトで使用可能,"01_製造部_力量マップ , 01.テスト , 00 力量マップ",指定しない,,,,,,,,,,,,,,,,,,,,
kumitate4,精度測定,O023,製造部＞組立課,SKILL_DEFAULT,0,通知しない,,,強調する,全メンバーに公開,"31_B機器 , 30_A機器 , 01_製造部 , 06_設計部 , 13_筑波サービスセンタ",すべてのプロジェクトで使用可能,"01_製造部_力量マップ , 01.テスト , 00 力量マップ",指定しない,,,,,,,,,,,,,,,,,,,,
kumitate5,穴埋め,O023,製造部＞組立課,SKILL_DEFAULT,0,通知しない,,,強調する,全メンバーに公開,"31_B機器 , 30_A機器 , 01_製造部 , 06_設計部 , 13_筑波サービスセンタ",すべてのプロジェクトで使用可能,"01_製造部_力量マップ , 01.テスト , 00 力量マップ",指定しない,,,,,,,,,,,,,,,,,,,,
kumitate6,マッチング作業,O023,製造部＞組立課,SKILL_DEFAULT,0,通知しない,,,強調する,全メンバーに公開,"31_B機器 , 30_A機器 , 01_製造部 , 06_設計部 , 13_筑波サービスセンタ",すべてのプロジェクトで使用可能,"01_製造部_力量マップ , 01.テスト , 00 力量マップ",指定しない,,,,,,,,,,,,,,,,,,,,
kumitate7,組立前洗浄,O023,製造部＞組立課,SKILL_DEFAULT,0,通知しない,,,強調する,全メンバーに公開,"31_B機器 , 30_A機器 , 01_製造部 , 06_設計部 , 13_筑波サービスセンタ",すべてのプロジェクトで使用可能,"01_製造部_力量マップ , 01.テスト , 00 力量マップ",指定しない,,,,,,,,,,,,,,,,,,,,
kumitate8,レーザーマーキング,O023,製造部＞組立課,SKILL_DEFAULT,0,通知しない,,,強調する,全メンバーに公開,"31_B機器 , 30_A機器 , 01_製造部 , 06_設計部 , 13_筑波サービスセンタ",すべてのプロジェクトで使用可能,"01_製造部_力量マップ , 01.テスト , 00 力量マップ",指定しない,,,,,,,,,,,,,,,,,,,,
kumitate9,ABC調整組立,O023,製造部＞組立課,SKILL_DEFAULT,0,通知しない,,,強調する,全メンバーに公開,"31_B機器 , 30_A機器 , 01_製造部 , 06_設計部 , 13_筑波サービスセンタ",すべてのプロジェクトで使用可能,"01_製造部_力量マップ , 01.テスト , 00 力量マップ",指定しない,,,,,,,,,,,,,,,,,,,,
kumitate10,再洗浄,O023,製造部＞組立課,SKILL_DEFAULT,0,通知しない,,,強調する,全メンバーに公開,"31_B機器 , 30_A機器 , 01_製造部 , 06_設計部 , 13_筑波サービスセンタ",すべてのプロジェクトで使用可能,"01_製造部_力量マップ , 01.テスト , 00 力量マップ",指定しない,,,,,,,,,,,,,,,,,,,,
kumitate11,AX組立特殊作業,O023,製造部＞組立課,SKILL_DEFAULT,0,通知しない,,,強調する,全メンバーに公開,"31_B機器 , 30_A機器 , 01_製造部 , 06_設計部 , 13_筑波サービスセンタ",すべてのプロジェクトで使用可能,"01_製造部_力量マップ , 01.テスト , 00 力量マップ",指定しない,,,,,,,,,,,,,,,,,,,,
kumitate12,CXドライバー設定作業,O023,製造部＞組立課,SKILL_DEFAULT,0,通知しない,,,強調する,全メンバーに公開,"31_B機器 , 30_A機器 , 01_製造部 , 06_設計部 , 13_筑波サービスセンタ",すべてのプロジェクトで使用可能,"01_製造部_力量マップ , 01.テスト , 00 力量マップ",指定しない,,,,,,,,,,,,,,,,,,,,
kumitate13,装置動作確認,O023,製造部＞組立課,SKILL_DEFAULT,0,通知しない,,,強調する,全メンバーに公開,"31_B機器 , 30_A機器 , 01_製造部 , 06_設計部 , 13_筑波サービスセンタ",すべてのプロジェクトで使用可能,"01_製造部_力量マップ , 01.テスト , 00 力量マップ",指定しない,,,,,,,,,,,,,,,,,,,,
kensa1,硬度検査,O024,製造部＞検査課,SKILL_DEFAULT,0,通知しない,,,強調する,全メンバーに公開,"31_B機器 , 30_A機器 , 01_製造部 , 06_設計部 , 13_筑波サービスセンタ",すべてのプロジェクトで使用可能,"01_製造部_力量マップ , 01.テスト , 00 力量マップ",指定しない,,,,,,,,,,,,,,,,,,,,
kensa2,曲がり検査,O024,製造部＞検査課,SKILL_DEFAULT,0,通知しない,,,強調する,全メンバーに公開,"31_B機器 , 30_A機器 , 01_製造部 , 06_設計部 , 13_筑波サービスセンタ",すべてのプロジェクトで使用可能,"01_製造部_力量マップ , 01.テスト , 00 力量マップ",指定しない,,,,,,,,,,,,,,,,,,,,
kensa3,内径ゲージ検査,O024,製造部＞検査課,SKILL_DEFAULT,0,通知しない,,,強調する,全メンバーに公開,"31_B機器 , 30_A機器 , 01_製造部 , 06_設計部 , 13_筑波サービスセンタ",すべてのプロジェクトで使用可能,"01_製造部_力量マップ , 01.テスト , 00 力量マップ",指定しない,,,,,,,,,,,,,,,,,,,,
kensa4,精度検査,O024,製造部＞検査課,SKILL_DEFAULT,0,通知しない,,,強調する,全メンバーに公開,"31_B機器 , 30_A機器 , 01_製造部 , 06_設計部 , 13_筑波サービスセンタ",すべてのプロジェクトで使用可能,"01_製造部_力量マップ , 01.テスト , 00 力量マップ",指定しない,,,,,,,,,,,,,,,,,,,,
kensa5,オイル封入,O024,製造部＞検査課,SKILL_DEFAULT,0,通知しない,,,強調する,全メンバーに公開,"31_B機器 , 30_A機器 , 01_製造部 , 06_設計部 , 13_筑波サービスセンタ",すべてのプロジェクトで使用可能,"01_製造部_力量マップ , 01.テスト , 00 力量マップ",指定しない,,,,,,,,,,,,,,,,,,,,
kensa6,測定技術,O024,製造部＞検査課,SKILL_DEFAULT,0,通知しない,,,強調する,全メンバーに公開,"31_B機器 , 30_A機器 , 01_製造部 , 06_設計部 , 13_筑波サービスセンタ",すべてのプロジェクトで使用可能,"01_製造部_力量マップ , 01.テスト , 00 力量マップ",指定しない,,,,,,,,,,,,,,,,,,,,
